cth_id,courtroom_name,courthouse_name
22812,PerfCourtroom_ykzfqpdqademypw,PerfCourtHouse_wThaFU3Eh3
22812,PerfCourtroom_rllswrisudypxzo,PerfCourtHouse_wThaFU3Eh3
22812,PerfCourtroom_btcrimwcrscuihq,PerfCourtHouse_wThaFU3Eh3
22812,PerfCourtroom_ryqcvzialycrxzh,PerfCourtHouse_wThaFU3Eh3
22812,PerfCourtroom_drpfrrhlswboamn,PerfCourtHouse_wThaFU3Eh3
22812,PerfCourtroom_hpskezotezyvefe,PerfCourtHouse_wThaFU3Eh3
22812,PerfCourtroom_rpuwpvjuxwexfiv,PerfCourtHouse_wThaFU3Eh3
22812,PerfCourtroom_ltienrxqtoxovdm,PerfCourtHouse_wThaFU3Eh3
22812,PerfCourtroom_ygirzrihechephb,PerfCourtHouse_wThaFU3Eh3
22832,PerfCourtroom_phdfoeazrwrfven,PerfCourtHouse_VsbQmeCUqK
22832,PerfCourtroom_fbszppgrcffnpfh,PerfCourtHouse_VsbQmeCUqK
22832,PerfCourtroom_xjammnxojmbohad,PerfCourtHouse_VsbQmeCUqK
22832,PerfCourtroom_trtknmmdefenkrv,PerfCourtHouse_VsbQmeCUqK
22832,PerfCourtroom_bzmtcxyjhaeniyx,PerfCourtHouse_VsbQmeCUqK
22832,PerfCourtroom_zmcgjfltcezomin,PerfCourtHouse_VsbQmeCUqK
22832,PerfCourtroom_nxmycqnjjcjdsif,PerfCourtHouse_VsbQmeCUqK
22832,PerfCourtroom_vyhqvzepzylsccb,PerfCourtHouse_VsbQmeCUqK
22813,PerfCourtroom_iezoedpdqwcsklo,PerfCourtHouse_bH6uaKvvJE
22813,PerfCourtroom_jwbpoqcosdwurpv,PerfCourtHouse_bH6uaKvvJE
22813,PerfCourtroom_rfiuqoraqkmfuue,PerfCourtHouse_bH6uaKvvJE
22813,PerfCourtroom_ihwatyrubnaflno,PerfCourtHouse_bH6uaKvvJE
22813,PerfCourtroom_qbycbvwabdwzzvn,PerfCourtHouse_bH6uaKvvJE
22813,PerfCourtroom_debsxhuyirswlel,PerfCourtHouse_bH6uaKvvJE
22852,PerfCourtroom_zgjpfrxhnrxnklu,PerfCourtHouse_nQZcqGM0G1
22852,PerfCourtroom_tcsicifonrqeziw,PerfCourtHouse_nQZcqGM0G1
22852,PerfCourtroom_nnbhjwkoyncdymw,PerfCourtHouse_nQZcqGM0G1
22852,PerfCourtroom_qxnpsimniouxdiz,PerfCourtHouse_nQZcqGM0G1
22852,PerfCourtroom_enuobmojtvadpqx,PerfCourtHouse_nQZcqGM0G1
22852,PerfCourtroom_qpsqibsvxbebobt,PerfCourtHouse_nQZcqGM0G1
22852,PerfCourtroom_excqweflbmbecrh,PerfCourtHouse_nQZcqGM0G1
22852,PerfCourtroom_zhbvejndhsqtcrz,PerfCourtHouse_nQZcqGM0G1
22852,PerfCourtroom_ngwrxzpkkzewxuz,PerfCourtHouse_nQZcqGM0G1
22814,PerfCourtroom_rtmlhoxfcbslqvl,PerfCourtHouse_rolxQi4Qid
22814,PerfCourtroom_pcbyufqjkcgygaj,PerfCourtHouse_rolxQi4Qid
22814,PerfCourtroom_cugqxlxfexopral,PerfCourtHouse_rolxQi4Qid
22814,PerfCourtroom_pdwlnmzgzxnmgvo,PerfCourtHouse_rolxQi4Qid
22814,PerfCourtroom_dmlxeutvifcdxwc,PerfCourtHouse_rolxQi4Qid
22814,PerfCourtroom_kpthdpablbeclfx,PerfCourtHouse_rolxQi4Qid
22814,PerfCourtroom_zxadmvpdotfrigm,PerfCourtHouse_rolxQi4Qid
22814,PerfCourtroom_uxqohsukidkhlcx,PerfCourtHouse_rolxQi4Qid
22814,PerfCourtroom_ysreoaciaxcpwcp,PerfCourtHouse_rolxQi4Qid
22814,PerfCourtroom_wykgahfswmcphgh,PerfCourtHouse_rolxQi4Qid
22814,PerfCourtroom_efwjbuedquedipb,PerfCourtHouse_rolxQi4Qid
22833,PerfCourtroom_ikjgzyfbkeprqeo,PerfCourtHouse_0diSuLcAU6
22833,PerfCourtroom_qspkamfemjrnxig,PerfCourtHouse_0diSuLcAU6
22833,PerfCourtroom_aocryycwddvuzgj,PerfCourtHouse_0diSuLcAU6
22833,PerfCourtroom_admcoelsyhblprw,PerfCourtHouse_0diSuLcAU6
22833,PerfCourtroom_pedskwhxjygkrbv,PerfCourtHouse_0diSuLcAU6
22833,PerfCourtroom_kxqrofjvlszdpfb,PerfCourtHouse_0diSuLcAU6
22815,PerfCourtroom_huymihnoziybevq,PerfCourtHouse_VYOiSlqrEH
22815,PerfCourtroom_jhxdbwyilnoirlg,PerfCourtHouse_VYOiSlqrEH
22815,PerfCourtroom_vlmmeiolbfnodtc,PerfCourtHouse_VYOiSlqrEH
22815,PerfCourtroom_uhaguaqsfclfkuq,PerfCourtHouse_VYOiSlqrEH
22815,PerfCourtroom_kruywwgspkzqhme,PerfCourtHouse_VYOiSlqrEH
22815,PerfCourtroom_nngjtzwdtesglbl,PerfCourtHouse_VYOiSlqrEH
22815,PerfCourtroom_kattkyksnfwgcso,PerfCourtHouse_VYOiSlqrEH
22816,PerfCourtroom_yroxyvuwyhpuazo,PerfCourtHouse_WijZaUckZx
22816,PerfCourtroom_njkngltiiclemxi,PerfCourtHouse_WijZaUckZx
22816,PerfCourtroom_epjjngxvqxpnfjf,PerfCourtHouse_WijZaUckZx
22816,PerfCourtroom_cuycblbvylkwatu,PerfCourtHouse_WijZaUckZx
22816,PerfCourtroom_djibcwpiintsnqx,PerfCourtHouse_WijZaUckZx
22816,PerfCourtroom_uklwmemkcyfqzor,PerfCourtHouse_WijZaUckZx
22816,PerfCourtroom_btdqghsatlxktfv,PerfCourtHouse_WijZaUckZx
22834,PerfCourtroom_qsfitpdskjgjgwi,PerfCourtHouse_EX0O95jeAU
22834,PerfCourtroom_odliftxwwsdjvvj,PerfCourtHouse_EX0O95jeAU
22834,PerfCourtroom_arvznmymgypzwpd,PerfCourtHouse_EX0O95jeAU
22834,PerfCourtroom_dbgjunglzcpqrne,PerfCourtHouse_EX0O95jeAU
22834,PerfCourtroom_daxyfezwhivmwlm,PerfCourtHouse_EX0O95jeAU
22834,PerfCourtroom_isorgrizxoyqawn,PerfCourtHouse_EX0O95jeAU
22834,PerfCourtroom_ojsyqyeoyibowvv,PerfCourtHouse_EX0O95jeAU
22834,PerfCourtroom_sftahzxdojepcbz,PerfCourtHouse_EX0O95jeAU
22834,PerfCourtroom_jfeoihwranbyjbt,PerfCourtHouse_EX0O95jeAU
22834,PerfCourtroom_fphsdusorwwmmzi,PerfCourtHouse_EX0O95jeAU
22817,PerfCourtroom_linypxmdajuddtb,PerfCourtHouse_A52A0v84lC
22817,PerfCourtroom_wenewygpikzagxk,PerfCourtHouse_A52A0v84lC
22817,PerfCourtroom_ffjzbpdwerpkcnx,PerfCourtHouse_A52A0v84lC
22817,PerfCourtroom_trqkgnjewrdswxc,PerfCourtHouse_A52A0v84lC
22817,PerfCourtroom_hrqsnamyzqkxsei,PerfCourtHouse_A52A0v84lC
22817,PerfCourtroom_ioscqxangpotbmd,PerfCourtHouse_A52A0v84lC
22817,PerfCourtroom_menxcbmqgiintxw,PerfCourtHouse_A52A0v84lC
22817,PerfCourtroom_jglaymsptkycigb,PerfCourtHouse_A52A0v84lC
22817,PerfCourtroom_teeamkmojfdgrag,PerfCourtHouse_A52A0v84lC
22817,PerfCourtroom_xygbqkavrolrvwh,PerfCourtHouse_A52A0v84lC
22817,PerfCourtroom_zvcrjneezgbkjzy,PerfCourtHouse_A52A0v84lC
22853,PerfCourtroom_tcfoemhdzykkwuq,PerfCourtHouse_srhhOqdHTY
22853,PerfCourtroom_duxmgknpntwivpj,PerfCourtHouse_srhhOqdHTY
22853,PerfCourtroom_yenbpcrgujnncfl,PerfCourtHouse_srhhOqdHTY
22853,PerfCourtroom_oaragxivriamkng,PerfCourtHouse_srhhOqdHTY
22853,PerfCourtroom_olqiqgeiqidjaol,PerfCourtHouse_srhhOqdHTY
22853,PerfCourtroom_byiirvgjystyoti,PerfCourtHouse_srhhOqdHTY
22853,PerfCourtroom_uakgvlxsbevodjg,PerfCourtHouse_srhhOqdHTY
22853,PerfCourtroom_zqkzskjihctxrla,PerfCourtHouse_srhhOqdHTY
22818,PerfCourtroom_bvczhwifytoxlqh,PerfCourtHouse_Sc9graELDO
22818,PerfCourtroom_euvjcsxzybudqnx,PerfCourtHouse_Sc9graELDO
22818,PerfCourtroom_xwwhzbuomcnbzwh,PerfCourtHouse_Sc9graELDO
22835,PerfCourtroom_wwthompjxwwbhix,PerfCourtHouse_NHGofIJRZM
22835,PerfCourtroom_wikqekldizrfcot,PerfCourtHouse_NHGofIJRZM
22835,PerfCourtroom_vwwtvlqqspvnzvd,PerfCourtHouse_NHGofIJRZM
22835,PerfCourtroom_autgafjdtgwuovv,PerfCourtHouse_NHGofIJRZM
22835,PerfCourtroom_zybwaegqmedulmu,PerfCourtHouse_NHGofIJRZM
22835,PerfCourtroom_ulydbejmtrdwgaa,PerfCourtHouse_NHGofIJRZM
22872,PerfCourtroom_vmjdbmktkqtxray,PerfCourtHouse_bEs5ovJuty
22872,PerfCourtroom_sejretxjwkmhzbb,PerfCourtHouse_bEs5ovJuty
22872,PerfCourtroom_lffftudznanvato,PerfCourtHouse_bEs5ovJuty
22872,PerfCourtroom_puzitwigpjysbcz,PerfCourtHouse_bEs5ovJuty
22872,PerfCourtroom_ingmxydftlcfych,PerfCourtHouse_bEs5ovJuty
22872,PerfCourtroom_gefjrqtuyeidwrh,PerfCourtHouse_bEs5ovJuty
22872,PerfCourtroom_hvkllcexkkskahx,PerfCourtHouse_bEs5ovJuty
22872,PerfCourtroom_demheruplmisvzg,PerfCourtHouse_bEs5ovJuty
22872,PerfCourtroom_dikcxpjgrhjckez,PerfCourtHouse_bEs5ovJuty
22872,PerfCourtroom_yifpawcvewsgver,PerfCourtHouse_bEs5ovJuty
22892,PerfCourtroom_acdjdpkkxpkygde,PerfCourtHouse_JQMBe2A4sq
22892,PerfCourtroom_riesnemjqyltfez,PerfCourtHouse_JQMBe2A4sq
22892,PerfCourtroom_xayhfyzrteuroej,PerfCourtHouse_JQMBe2A4sq
22892,PerfCourtroom_ivlmwszdjsojmxm,PerfCourtHouse_JQMBe2A4sq
22892,PerfCourtroom_hfwhzyfhtvxpmbr,PerfCourtHouse_JQMBe2A4sq
22892,PerfCourtroom_ybzzxtygspnligt,PerfCourtHouse_JQMBe2A4sq
22892,PerfCourtroom_rucircfimnnrsmf,PerfCourtHouse_JQMBe2A4sq
22892,PerfCourtroom_tcpmquzmcwjheoq,PerfCourtHouse_JQMBe2A4sq
22892,PerfCourtroom_ocwalaemanpxlae,PerfCourtHouse_JQMBe2A4sq
22892,PerfCourtroom_eplsqhhovgioacu,PerfCourtHouse_JQMBe2A4sq
