"cth_id","courtroom_name","ctr_id","courthouse_name"
22833,"PerfCourtroom_aocryycwddv",30272,"PerfCourtHouse_0diSuLcAU6"
22833,"PerfCourtroom_kxqrofjvlsz",30338,"PerfCourtHouse_0diSuLcAU6"
22833,"PerfCourtroom_qspkamfemjr",30259,"PerfCourtHouse_0diSuLcAU6"
22833,"PerfCourtroom_ikjgzyfbkep",30194,"PerfCourtHouse_0diSuLcAU6"
22833,"PerfCourtroom_admcoelsyhb",30273,"PerfCourtHouse_0diSuLcAU6"
22833,"PerfCourtroom_pedskwhxjyg",30293,"PerfCourtHouse_0diSuLcAU6"
22938,"PerfCourtroom_pabnrakuzd",30507,"PerfCourtHouse_0NGaRRYs7b"
22938,"PerfCourtroom_qpcxhvvbfri",30797,"PerfCourtHouse_0NGaRRYs7b"
23035,"PerfCourtroom_quvoxyovzqb",30654,"PerfCourtHouse_0ozcp0Szf0"
23035,"PerfCourtroom_xbaznyluifq",31187,"PerfCourtHouse_0ozcp0Szf0"
23035,"PerfCourtroom_nydqxlqlvus",31286,"PerfCourtHouse_0ozcp0Szf0"
23035,"PerfCourtroom_veyqsrrgmff",30821,"PerfCourtHouse_0ozcp0Szf0"
23035,"PerfCourtroom_lbyesobj",30506,"PerfCourtHouse_0ozcp0Szf0"
23035,"PerfCourtroom_twcblwuluws",31257,"PerfCourtHouse_0ozcp0Szf0"
23035,"PerfCourtroom_vftrmvebyvy",30772,"PerfCourtHouse_0ozcp0Szf0"
23035,"PerfCourtroom_fckmmwvwghh",31162,"PerfCourtHouse_0ozcp0Szf0"
23035,"PerfCourtroom_mcqtnlcuqog",30746,"PerfCourtHouse_0ozcp0Szf0"
23035,"PerfCourtroom_ydfnocalwvf",30740,"PerfCourtHouse_0ozcp0Szf0"
23035,"PerfCourtroom_difimewtgpq",31113,"PerfCourtHouse_0ozcp0Szf0"
23035,"PerfCourtroom_sterlbkefbz",30732,"PerfCourtHouse_0ozcp0Szf0"
23035,"PerfCourtroom_qasqvykwxos",31205,"PerfCourtHouse_0ozcp0Szf0"
23035,"PerfCourtroom_vlfltpoiwcd",30711,"PerfCourtHouse_0ozcp0Szf0"
23035,"PerfCourtroom_dmuilpfgyhl",30920,"PerfCourtHouse_0ozcp0Szf0"
23097,"PerfCourtroom_kifysubgbnw",30994,"PerfCourtHouse_0TVQwEzZGg"
23097,"PerfCourtroom_behnqjdcc",30519,"PerfCourtHouse_0TVQwEzZGg"
23097,"PerfCourtroom_rzhcojztezv",31140,"PerfCourtHouse_0TVQwEzZGg"
23097,"PerfCourtroom_qfpgkutgvoo",31004,"PerfCourtHouse_0TVQwEzZGg"
23097,"PerfCourtroom_zbcswghumzm",30805,"PerfCourtHouse_0TVQwEzZGg"
23063,"PerfCourtroom_yxzyrkunzhn",31010,"PerfCourtHouse_1vHodBFrIW"
23063,"PerfCourtroom_efvkukacnwb",31210,"PerfCourtHouse_1vHodBFrIW"
23063,"PerfCourtroom_xjsdblbjand",31322,"PerfCourtHouse_1vHodBFrIW"
23063,"PerfCourtroom_tmtqofwlxkn",30794,"PerfCourtHouse_1vHodBFrIW"
23063,"PerfCourtroom_knufmcvovfo",31171,"PerfCourtHouse_1vHodBFrIW"
23063,"PerfCourtroom_zftylnrehav",31079,"PerfCourtHouse_1vHodBFrIW"
23063,"PerfCourtroom_muixzbkfrrg",30638,"PerfCourtHouse_1vHodBFrIW"
23063,"PerfCourtroom_pothhckjktf",31091,"PerfCourtHouse_1vHodBFrIW"
23063,"PerfCourtroom_jkwsdkktfka",31264,"PerfCourtHouse_1vHodBFrIW"
22953,"PerfCourtroom_suujgvheckd",31001,"PerfCourtHouse_1vTzV2QzOz"
22953,"PerfCourtroom_bxpvtaluklx",31287,"PerfCourtHouse_1vTzV2QzOz"
22953,"PerfCourtroom_srargiwcoav",30592,"PerfCourtHouse_1vTzV2QzOz"
22953,"PerfCourtroom_luvcefcmrat",30973,"PerfCourtHouse_1vTzV2QzOz"
22953,"PerfCourtroom_qabchnexwct",31169,"PerfCourtHouse_1vTzV2QzOz"
22953,"PerfCourtroom_tjaruiuyhbj",30691,"PerfCourtHouse_1vTzV2QzOz"
22953,"PerfCourtroom_eimcpuyprvu",30886,"PerfCourtHouse_1vTzV2QzOz"
23027,"PerfCourtroom_iizlqfwdxqn",31329,"PerfCourtHouse_2izIpvuanC"
23027,"PerfCourtroom_mcgmxudlbfv",31103,"PerfCourtHouse_2izIpvuanC"
23027,"PerfCourtroom_ogcqfnpcukx",31015,"PerfCourtHouse_2izIpvuanC"
23027,"PerfCourtroom_uimjlxvsmzy",30614,"PerfCourtHouse_2izIpvuanC"
23027,"PerfCourtroom_ebwywvjma",30490,"PerfCourtHouse_2izIpvuanC"
23027,"PerfCourtroom_vjbldfkurkc",30969,"PerfCourtHouse_2izIpvuanC"
23027,"PerfCourtroom_ubzcykhpagw",31312,"PerfCourtHouse_2izIpvuanC"
23018,"PerfCourtroom_oklnkhznnmk",31166,"PerfCourtHouse_2wTMas2QtT"
23018,"PerfCourtroom_csedeqgawdx",31148,"PerfCourtHouse_2wTMas2QtT"
23018,"PerfCourtroom_qijfxuopird",30598,"PerfCourtHouse_2wTMas2QtT"
22952,"PerfCourtroom_dyxgaqrxhly",31031,"PerfCourtHouse_3ju9HcT0yK"
22952,"PerfCourtroom_kjoslkbbjve",30820,"PerfCourtHouse_3ju9HcT0yK"
22952,"PerfCourtroom_blaexozjzbu",30599,"PerfCourtHouse_3ju9HcT0yK"
22952,"PerfCourtroom_izrrkpqgzbj",30530,"PerfCourtHouse_3ju9HcT0yK"
22952,"PerfCourtroom_pmdjyusctzm",30659,"PerfCourtHouse_3ju9HcT0yK"
22952,"PerfCourtroom_gryajvmmqby",31065,"PerfCourtHouse_3ju9HcT0yK"
22912,"PerfCourtroom_ohlbnjfrkrj",31350,"PerfCourtHouse_3mirlaaNHA"
22912,"PerfCourtroom_asdvdzyuqie",31349,"PerfCourtHouse_3mirlaaNHA"
22912,"PerfCourtroom_htylktiggay",31351,"PerfCourtHouse_3mirlaaNHA"
22912,"PerfCourtroom_dvjlwfsvwbc",31352,"PerfCourtHouse_3mirlaaNHA"
22912,"PerfCourtroom_qbnanhoamvl",31354,"PerfCourtHouse_3mirlaaNHA"
22912,"PerfCourtroom_ntdttgbrcxg",31353,"PerfCourtHouse_3mirlaaNHA"
23007,"PerfCourtroom_rdqwpxmxwyl",31017,"PerfCourtHouse_50EoOeJ2QM"
23007,"PerfCourtroom_pjrvejvxgga",31022,"PerfCourtHouse_50EoOeJ2QM"
23007,"PerfCourtroom_ysymoeacrgr",31041,"PerfCourtHouse_50EoOeJ2QM"
23007,"PerfCourtroom_bdoldwafzzc",30688,"PerfCourtHouse_50EoOeJ2QM"
23007,"PerfCourtroom_wdhbccianjg",31020,"PerfCourtHouse_50EoOeJ2QM"
23007,"PerfCourtroom_ydgbinryhzj",31370,"PerfCourtHouse_50EoOeJ2QM"
23007,"PerfCourtroom_nnitawksk",30515,"PerfCourtHouse_50EoOeJ2QM"
22982,"PerfCourtroom_udqkucqrgqj",31194,"PerfCourtHouse_5B45Pdo55V"
22982,"PerfCourtroom_hzukugfxqxj",31152,"PerfCourtHouse_5B45Pdo55V"
22982,"PerfCourtroom_hzormtqyzuw",30607,"PerfCourtHouse_5B45Pdo55V"
22982,"PerfCourtroom_lkwzzdyglug",31328,"PerfCourtHouse_5B45Pdo55V"
22982,"PerfCourtroom_ofbektozbim",31082,"PerfCourtHouse_5B45Pdo55V"
22975,"PerfCourtroom_zotniekwbif",31308,"PerfCourtHouse_5oAbVHigJv"
22975,"PerfCourtroom_lafvjheuysr",30873,"PerfCourtHouse_5oAbVHigJv"
22975,"PerfCourtroom_czzevczqrny",30776,"PerfCourtHouse_5oAbVHigJv"
22975,"PerfCourtroom_xfmfvmuwabk",31268,"PerfCourtHouse_5oAbVHigJv"
22975,"PerfCourtroom_dbhgophln",30491,"PerfCourtHouse_5oAbVHigJv"
22975,"PerfCourtroom_ezdtxnxlbeq",30673,"PerfCourtHouse_5oAbVHigJv"
22975,"PerfCourtroom_zqfxmfhehpe",31043,"PerfCourtHouse_5oAbVHigJv"
22975,"PerfCourtroom_gwnlnyrcsaw",30737,"PerfCourtHouse_5oAbVHigJv"
23033,"PerfCourtroom_eozvrqxkclo",30532,"PerfCourtHouse_7lfdYK0acv"
23033,"PerfCourtroom_vrvsnafjvit",31267,"PerfCourtHouse_7lfdYK0acv"
23033,"PerfCourtroom_ypolhyrmxl",30525,"PerfCourtHouse_7lfdYK0acv"
22983,"PerfCourtroom_pyijnctmrqo",31198,"PerfCourtHouse_7M2nODZeRS"
22983,"PerfCourtroom_hagmykbmobr",30603,"PerfCourtHouse_7M2nODZeRS"
22983,"PerfCourtroom_neibcvpiosn",31275,"PerfCourtHouse_7M2nODZeRS"
22983,"PerfCourtroom_ahitdpbtoyt",30881,"PerfCourtHouse_7M2nODZeRS"
22983,"PerfCourtroom_nxmbvdjshoq",31304,"PerfCourtHouse_7M2nODZeRS"
22983,"PerfCourtroom_tjypkukrwrh",31123,"PerfCourtHouse_7M2nODZeRS"
22983,"PerfCourtroom_mxbojqqtmhl",30682,"PerfCourtHouse_7M2nODZeRS"
22995,"PerfCourtroom_zvrkqidmsro",30650,"PerfCourtHouse_7tq6oB2HQy"
22995,"PerfCourtroom_fidrghizmzw",30666,"PerfCourtHouse_7tq6oB2HQy"
22995,"PerfCourtroom_oderiissemn",31106,"PerfCourtHouse_7tq6oB2HQy"
22995,"PerfCourtroom_igjnrjgpzul",31056,"PerfCourtHouse_7tq6oB2HQy"
22995,"PerfCourtroom_swvpqbynns",30474,"PerfCourtHouse_7tq6oB2HQy"
22995,"PerfCourtroom_fanyzwheeep",30961,"PerfCourtHouse_7tq6oB2HQy"
22958,"PerfCourtroom_dsorznsbxtg",30631,"PerfCourtHouse_8D8o39x4Yn"
22958,"PerfCourtroom_vlarocnhaor",30823,"PerfCourtHouse_8D8o39x4Yn"
22958,"PerfCourtroom_zvlsnbrvhv",30478,"PerfCourtHouse_8D8o39x4Yn"
22958,"PerfCourtroom_kstkepyisna",30695,"PerfCourtHouse_8D8o39x4Yn"
22958,"PerfCourtroom_wrwedobjvl",30475,"PerfCourtHouse_8D8o39x4Yn"
22817,"PerfCourtroom_gfzzkbygmxe",31489,"PerfCourtHouse_A52A0v84lC"
22817,"PerfCourtroom_wenewygpikz",30097,"PerfCourtHouse_A52A0v84lC"
22817,"PerfCourtroom_ffjzbpdwerp",30109,"PerfCourtHouse_A52A0v84lC"
22817,"PerfCourtroom_trqkgnjewrd",30132,"PerfCourtHouse_A52A0v84lC"
22817,"PerfCourtroom_hrqsnamyzqk",30196,"PerfCourtHouse_A52A0v84lC"
22817,"PerfCourtroom_ioscqxangpo",30209,"PerfCourtHouse_A52A0v84lC"
22817,"PerfCourtroom_menxcbmqgii",30254,"PerfCourtHouse_A52A0v84lC"
22817,"PerfCourtroom_jglaymsptky",30289,"PerfCourtHouse_A52A0v84lC"
22817,"PerfCourtroom_teeamkmojfd",30315,"PerfCourtHouse_A52A0v84lC"
22817,"PerfCourtroom_xygbqkavrol",30329,"PerfCourtHouse_A52A0v84lC"
22817,"PerfCourtroom_zvcrjneezgb",30340,"PerfCourtHouse_A52A0v84lC"
22817,"PerfCourtroom_linypxmdaju",30069,"PerfCourtHouse_A52A0v84lC"
22979,"PerfCourtroom_gvjledylsnu",31224,"PerfCourtHouse_A8AfwyQrrE"
22979,"PerfCourtroom_fgshdrywqau",31072,"PerfCourtHouse_A8AfwyQrrE"
22979,"PerfCourtroom_ibwmfafnzjm",30944,"PerfCourtHouse_A8AfwyQrrE"
22979,"PerfCourtroom_gktkdtridmy",30615,"PerfCourtHouse_A8AfwyQrrE"
22979,"PerfCourtroom_cbunijckvll",30941,"PerfCourtHouse_A8AfwyQrrE"
22979,"PERFCASE_OECIWAKZIVZPQ",31429,"PerfCourtHouse_A8AfwyQrrE"
22979,"PerfCourtroom_erruajzdbcm",30745,"PerfCourtHouse_A8AfwyQrrE"
22979,"PerfCourtroom_ihiomlnfnbk",30690,"PerfCourtHouse_A8AfwyQrrE"
23072,"PerfCourtroom_nyztyykwrqh",31232,"PerfCourtHouse_AeiZaJc0gN"
23072,"PerfCourtroom_xrqhrcrvxff",31053,"PerfCourtHouse_AeiZaJc0gN"
23072,"PerfCourtroom_fdrqxkcscmj",30965,"PerfCourtHouse_AeiZaJc0gN"
23072,"PerfCourtroom_gdwfodsykfu",30891,"PerfCourtHouse_AeiZaJc0gN"
23072,"PerfCourtroom_kergtdcgkbn",31008,"PerfCourtHouse_AeiZaJc0gN"
23072,"PerfCourtroom_uzmrpnzijds",31087,"PerfCourtHouse_AeiZaJc0gN"
23072,"PerfCourtroom_btluzufidrg",30751,"PerfCourtHouse_AeiZaJc0gN"
23022,"PerfCourtroom_lalzlimvfmz",30621,"PerfCourtHouse_aIT6q8sEtg"
23022,"PerfCourtroom_cwyjszfroo",30410,"PerfCourtHouse_aIT6q8sEtg"
23022,"PerfCourtroom_picvmymkqoq",31265,"PerfCourtHouse_aIT6q8sEtg"
22974,"PerfCourtroom_scxsozjkiem",30788,"PerfCourtHouse_ANYppoSU9W"
22974,"PerfCourtroom_dbmwehkgpja",30943,"PerfCourtHouse_ANYppoSU9W"
22974,"PerfCourtroom_fegbdhsvtg",30470,"PerfCourtHouse_ANYppoSU9W"
22974,"PerfCourtroom_ecjlvadsdnp",30816,"PerfCourtHouse_ANYppoSU9W"
22974,"PerfCourtroom_yjyldxbqybe",31269,"PerfCourtHouse_ANYppoSU9W"
22974,"PerfCourtroom_ozecrlmbtvy",30908,"PerfCourtHouse_ANYppoSU9W"
22974,"PerfCourtroom_toxmmxeykvw",31018,"PerfCourtHouse_ANYppoSU9W"
22974,"PerfCourtroom_vwimbdtqqvi",31281,"PerfCourtHouse_ANYppoSU9W"
22974,"PerfCourtroom_pcqjlypigfc",30775,"PerfCourtHouse_ANYppoSU9W"
23074,"PerfCourtroom_ncyxvxktlsr",30802,"PerfCourtHouse_aPyU18IefR"
23074,"PerfCourtroom_eisbptudz",30492,"PerfCourtHouse_aPyU18IefR"
23074,"PerfCourtroom_jwydclbwzsu",30619,"PerfCourtHouse_aPyU18IefR"
23074,"PerfCourtroom_dmccasijlkq",30867,"PerfCourtHouse_aPyU18IefR"
23074,"PerfCourtroom_dpapqgopjfs",30871,"PerfCourtHouse_aPyU18IefR"
23074,"PerfCourtroom_mmwvipitfkr",30643,"PerfCourtHouse_aPyU18IefR"
23074,"PerfCourtroom_xcwubzcpqtv",30683,"PerfCourtHouse_aPyU18IefR"
23077,"PerfCourtroom_rycixiumhxf",30678,"PerfCourtHouse_APzSLpQEUw"
23077,"PerfCourtroom_juhekjwiayf",30889,"PerfCourtHouse_APzSLpQEUw"
23077,"PerfCourtroom_nggychczppv",30880,"PerfCourtHouse_APzSLpQEUw"
23077,"PerfCourtroom_dbdyyijgii",30481,"PerfCourtHouse_APzSLpQEUw"
23077,"PerfCourtroom_austbhuee",30527,"PerfCourtHouse_APzSLpQEUw"
23077,"PerfCourtroom_xvinmjkwhdp",31221,"PerfCourtHouse_APzSLpQEUw"
23077,"PerfCourtroom_oomclwlfmun",31029,"PerfCourtHouse_APzSLpQEUw"
22947,"PerfCourtroom_vccabkpjaqd",31214,"PerfCourtHouse_aQhHLEsjYO"
22947,"PerfCourtroom_hdtjmxspd",30494,"PerfCourtHouse_aQhHLEsjYO"
22947,"PerfCourtroom_xfadiiwgvxn",30595,"PerfCourtHouse_aQhHLEsjYO"
22947,"PerfCourtroom_fapmgyeblqt",30813,"PerfCourtHouse_aQhHLEsjYO"
22947,"PerfCourtroom_gaeuqrypgsp",31229,"PerfCourtHouse_aQhHLEsjYO"
22947,"PerfCourtroom_obdnyezoill",30899,"PerfCourtHouse_aQhHLEsjYO"
22935,"PerfCourtroom_vrnhexqihfy",30825,"PerfCourtHouse_ASt63vylKd"
22935,"PerfCourtroom_kwujrfcyobj",30883,"PerfCourtHouse_ASt63vylKd"
22935,"PerfCourtroom_zblmqxkfesf",30937,"PerfCourtHouse_ASt63vylKd"
22935,"PerfCourtroom_nnahphpzwrv",31321,"PerfCourtHouse_ASt63vylKd"
22935,"PerfCourtroom_uqtmohyoqfg",30990,"PerfCourtHouse_ASt63vylKd"
22972,"PerfCourtroom_mcpgdonyznh",31271,"PerfCourtHouse_b9p3bzyS4X"
22972,"PerfCourtroom_sfdvpgtkiox",31159,"PerfCourtHouse_b9p3bzyS4X"
22972,"PerfCourtroom_zhcwirpgpkh",30822,"PerfCourtHouse_b9p3bzyS4X"
22972,"PerfCourtroom_ucywwjzfcug",31300,"PerfCourtHouse_b9p3bzyS4X"
22972,"PerfCourtroom_ymhfnunfqka",30792,"PerfCourtHouse_b9p3bzyS4X"
22972,"PerfCourtroom_cwiprcrxgpu",31099,"PerfCourtHouse_b9p3bzyS4X"
22972,"PerfCourtroom_ankhfxddfow",31100,"PerfCourtHouse_b9p3bzyS4X"
22972,"PerfCourtroom_ogxwwxwcuvn",30768,"PerfCourtHouse_b9p3bzyS4X"
22872,"PerfCourtroom_puzitwigpjy",30174,"PerfCourtHouse_bEs5ovJuty"
22872,"PerfCourtroom_sejretxjwkm",30160,"PerfCourtHouse_bEs5ovJuty"
22872,"PerfCourtroom_demheruplmi",30263,"PerfCourtHouse_bEs5ovJuty"
22872,"PerfCourtroom_hvkllcexkks",30261,"PerfCourtHouse_bEs5ovJuty"
22872,"PerfCourtroom_yifpawcvews",30336,"PerfCourtHouse_bEs5ovJuty"
22872,"PerfCourtroom_vmjdbmktkqt",30129,"PerfCourtHouse_bEs5ovJuty"
22872,"PerfCourtroom_lffftudznan",30170,"PerfCourtHouse_bEs5ovJuty"
22872,"PerfCourtroom_gefjrqtuyei",30250,"PerfCourtHouse_bEs5ovJuty"
22872,"PerfCourtroom_dikcxpjgrhj",30290,"PerfCourtHouse_bEs5ovJuty"
22872,"PerfCourtroom_ingmxydftlc",30175,"PerfCourtHouse_bEs5ovJuty"
22813,"PerfCourtroom_jwbpoqcosd",30093,"PerfCourtHouse_bH6uaKvvJE"
22813,"PerfCourtroom_rfiuqoraqkm",30266,"PerfCourtHouse_bH6uaKvvJE"
22813,"PerfCourtroom_iezoedpdqwc",30049,"PerfCourtHouse_bH6uaKvvJE"
22813,"PerfCourtroom_debsxhuyirs",30276,"PerfCourtHouse_bH6uaKvvJE"
22813,"PerfCourtroom_ihwatyrubna",30269,"PerfCourtHouse_bH6uaKvvJE"
22813,"PerfCourtroom_qbycbvwabd",30274,"PerfCourtHouse_bH6uaKvvJE"
22948,"PerfCourtroom_ktoemstiunb",31202,"PerfCourtHouse_BI8tnTELav"
22948,"PerfCourtroom_xxkdlchqmbf",30769,"PerfCourtHouse_BI8tnTELav"
22948,"PerfCourtroom_slpfodsdioe",30882,"PerfCourtHouse_BI8tnTELav"
23020,"PerfCourtroom_kmlwzsenjaa",31062,"PerfCourtHouse_BlmUDIYbSc"
23020,"PerfCourtroom_fvukxbeuksa",30755,"PerfCourtHouse_BlmUDIYbSc"
23020,"PerfCourtroom_mvnzqyrtlvj",30632,"PerfCourtHouse_BlmUDIYbSc"
23020,"PerfCourtroom_uefaplhmekc",30635,"PerfCourtHouse_BlmUDIYbSc"
23020,"PerfCourtroom_jzvewvqmhby",30533,"PerfCourtHouse_BlmUDIYbSc"
23020,"PerfCourtroom_koljzltspxd",30675,"PerfCourtHouse_BlmUDIYbSc"
23020,"PerfCourtroom_zuuihofxrog",31320,"PerfCourtHouse_BlmUDIYbSc"
23037,"PerfCourtroom_tqbofivzfcy",30552,"PerfCourtHouse_bMulItPRy8"
23037,"PerfCourtroom_ryyiztnyyhs",30539,"PerfCourtHouse_bMulItPRy8"
23037,"PerfCourtroom_kdqvfcnwztw",31069,"PerfCourtHouse_bMulItPRy8"
23037,"PerfCourtroom_drzetsscfml",31145,"PerfCourtHouse_bMulItPRy8"
23037,"PerfCourtroom_zcdgziiwmer",30992,"PerfCourtHouse_bMulItPRy8"
23037,"PerfCourtroom_yhvnfegczog",31108,"PerfCourtHouse_bMulItPRy8"
23038,"PerfCourtroom_ihtybttwtka",30784,"PerfCourtHouse_bTlQLz82uR"
23038,"PerfCourtroom_ccwyqkmctdk",30831,"PerfCourtHouse_bTlQLz82uR"
23038,"PerfCourtroom_xkmgephznps",31180,"PerfCourtHouse_bTlQLz82uR"
23038,"PerfCourtroom_bnsmdrioawh",30785,"PerfCourtHouse_bTlQLz82uR"
22992,"PerfCourtroom_evjzpkjyilr",31164,"PerfCourtHouse_BtnRkGbaPo"
22992,"PerfCourtroom_byiqsabqvau",31078,"PerfCourtHouse_BtnRkGbaPo"
22992,"PerfCourtroom_actikmmtuha",30606,"PerfCourtHouse_BtnRkGbaPo"
22992,"PerfCourtroom_weqkbjljpum",31200,"PerfCourtHouse_BtnRkGbaPo"
22992,"PerfCourtroom_qoonygyjedb",30574,"PerfCourtHouse_BtnRkGbaPo"
22992,"PerfCourtroom_ztunctbxpwm",30997,"PerfCourtHouse_BtnRkGbaPo"
22992,"PerfCourtroom_zswnlenppiy",30878,"PerfCourtHouse_BtnRkGbaPo"
23052,"PerfCourtroom_qzetudfzhgp",30602,"PerfCourtHouse_bYu3pSEkOq"
23052,"PerfCourtroom_tijdsiepndm",30830,"PerfCourtHouse_bYu3pSEkOq"
23052,"PerfCourtroom_aothtdezzot",30828,"PerfCourtHouse_bYu3pSEkOq"
23052,"PerfCourtroom_injdxhijbrq",30995,"PerfCourtHouse_bYu3pSEkOq"
23052,"PerfCourtroom_dkncytdntla",31192,"PerfCourtHouse_bYu3pSEkOq"
23052,"PerfCourtroom_uvrwbzmhqfp",30858,"PerfCourtHouse_bYu3pSEkOq"
23052,"PerfCourtroom_oghebrjgemo",30693,"PerfCourtHouse_bYu3pSEkOq"
23079,"PerfCourtroom_zzihxwogqyu",30947,"PerfCourtHouse_c2gR0ZL9Z4"
23079,"PerfCourtroom_qtixlrpdrzq",30764,"PerfCourtHouse_c2gR0ZL9Z4"
23079,"PerfCourtroom_bzjgpixxizl",31177,"PerfCourtHouse_c2gR0ZL9Z4"
23079,"PerfCourtroom_vpmuvpawebh",30837,"PerfCourtHouse_c2gR0ZL9Z4"
23079,"PerfCourtroom_uahhymjlxbn",30895,"PerfCourtHouse_c2gR0ZL9Z4"
23079,"PerfCourtroom_hxoerbfrxbb",31012,"PerfCourtHouse_c2gR0ZL9Z4"
23012,"PerfCourtroom_wygebrblstk",30612,"PerfCourtHouse_c88NXuyCot"
23012,"PerfCourtroom_eqcnwleuixs",31155,"PerfCourtHouse_c88NXuyCot"
23012,"PerfCourtroom_aohtgjjdjsy",31129,"PerfCourtHouse_c88NXuyCot"
23012,"PerfCourtroom_pitvxowwzri",31252,"PerfCourtHouse_c88NXuyCot"
23012,"PerfCourtroom_emfprdknosg",30993,"PerfCourtHouse_c88NXuyCot"
23012,"PerfCourtroom_tsdkgzpdqyb",30894,"PerfCourtHouse_c88NXuyCot"
23012,"PerfCourtroom_kpgotrxvmep",30780,"PerfCourtHouse_c88NXuyCot"
23083,"PerfCourtroom_vpyzrxtnfcc",30605,"PerfCourtHouse_CF2D5dgAxq"
23083,"PerfCourtroom_hvetrhiumbs",30668,"PerfCourtHouse_CF2D5dgAxq"
23083,"PerfCourtroom_nkxqmjjmvup",30793,"PerfCourtHouse_CF2D5dgAxq"
23013,"PerfCourtroom_dhoddkecnmf",31102,"PerfCourtHouse_cvc46ifXX0"
23013,"PerfCourtroom_femfmgnxna",30497,"PerfCourtHouse_cvc46ifXX0"
23013,"PerfCourtroom_lzszyrcszne",30640,"PerfCourtHouse_cvc46ifXX0"
23013,"PerfCourtroom_kbqqguytlfm",30739,"PerfCourtHouse_cvc46ifXX0"
23013,"PerfCourtroom_fbvjufsgfif",30757,"PerfCourtHouse_cvc46ifXX0"
23013,"PerfCourtroom_gecnduftrxf",31120,"PerfCourtHouse_cvc46ifXX0"
23028,"PerfCourtroom_spvayozwtvt",30657,"PerfCourtHouse_CYmMTTc3Xi"
23028,"PerfCourtroom_qcjxujrhiyj",30653,"PerfCourtHouse_CYmMTTc3Xi"
23028,"PerfCourtroom_glwzrtjrwvg",31045,"PerfCourtHouse_CYmMTTc3Xi"
23028,"PerfCourtroom_bxstvnegvmf",30902,"PerfCourtHouse_CYmMTTc3Xi"
23028,"PerfCourtroom_cemvopxgfpu",31110,"PerfCourtHouse_CYmMTTc3Xi"
23028,"PerfCourtroom_vofrhmiarjk",30907,"PerfCourtHouse_CYmMTTc3Xi"
23028,"PerfCourtroom_ospezdlfqib",30958,"PerfCourtHouse_CYmMTTc3Xi"
23028,"PerfCourtroom_pxmsatlmjcy",31096,"PerfCourtHouse_CYmMTTc3Xi"
22933,"PerfCourtroom_qqibzejpngl",30572,"PerfCourtHouse_CZ1f6NfVmS"
22933,"PerfCourtroom_qsarajzvdkt",30952,"PerfCourtHouse_CZ1f6NfVmS"
22933,"PerfCourtroom_oskrcxtncqz",30742,"PerfCourtHouse_CZ1f6NfVmS"
22933,"PerfCourtroom_krsnjzigpph",31109,"PerfCourtHouse_CZ1f6NfVmS"
22933,"PerfCourtroom_fqmufsnbdyr",30648,"PerfCourtHouse_CZ1f6NfVmS"
22933,"PerfCourtroom_lufxeoyromd",30763,"PerfCourtHouse_CZ1f6NfVmS"
22933,"PerfCourtroom_uhgucvqirjz",30550,"PerfCourtHouse_CZ1f6NfVmS"
22933,"PerfCourtroom_qfhlwcgblnt",31193,"PerfCourtHouse_CZ1f6NfVmS"
22933,"PerfCourtroom_rwzllrohjvh",31207,"PerfCourtHouse_CZ1f6NfVmS"
23025,"PerfCourtroom_yipzfmpsouc",31305,"PerfCourtHouse_dj4HEK50UQ"
23025,"PerfCourtroom_momzpduegoz",31258,"PerfCourtHouse_dj4HEK50UQ"
23025,"PerfCourtroom_paetufwhknu",31250,"PerfCourtHouse_dj4HEK50UQ"
23025,"PerfCourtroom_oqpgqdcdjxp",31197,"PerfCourtHouse_dj4HEK50UQ"
23025,"PerfCourtroom_zpazdjqhzdc",31255,"PerfCourtHouse_dj4HEK50UQ"
22943,"PerfCourtroom_mxwudkrvcrq",30929,"PerfCourtHouse_Dmt5Cf5Irs"
22943,"PerfCourtroom_viawfjoienf",30744,"PerfCourtHouse_Dmt5Cf5Irs"
22943,"PerfCourtroom_ualrqmqxlpp",31204,"PerfCourtHouse_Dmt5Cf5Irs"
22943,"PerfCourtroom_mgjbaaniajr",31260,"PerfCourtHouse_Dmt5Cf5Irs"
22943,"PerfCourtroom_fzjugtsgdsm",31331,"PerfCourtHouse_Dmt5Cf5Irs"
22943,"PerfCourtroom_acqsupwnifu",31002,"PerfCourtHouse_Dmt5Cf5Irs"
22943,"PerfCourtroom_ibeylzjygkv",31254,"PerfCourtHouse_Dmt5Cf5Irs"
22943,"PerfCourtroom_rxfslzqapbi",30903,"PerfCourtHouse_Dmt5Cf5Irs"
23094,"PerfCourtroom_quhkzvwqwyh",31319,"PerfCourtHouse_dSCSp2Lcx8"
23094,"PerfCourtroom_awsqwoitnm",30471,"PerfCourtHouse_dSCSp2Lcx8"
23094,"PerfCourtroom_lxaauzwpcmc",31066,"PerfCourtHouse_dSCSp2Lcx8"
23094,"PerfCourtroom_yhbwosgqnsh",30991,"PerfCourtHouse_dSCSp2Lcx8"
23094,"PerfCourtroom_hftnwsigbct",31086,"PerfCourtHouse_dSCSp2Lcx8"
23094,"PerfCourtroom_gndqqehlcbw",30674,"PerfCourtHouse_dSCSp2Lcx8"
23094,"PerfCourtroom_ksghyaagena",30766,"PerfCourtHouse_dSCSp2Lcx8"
23094,"PerfCourtroom_wxeuvlptmpl",31199,"PerfCourtHouse_dSCSp2Lcx8"
23094,"PerfCourtroom_gwlfsyaax",30502,"PerfCourtHouse_dSCSp2Lcx8"
23080,"PerfCourtroom_eocyltjtpsx",30730,"PerfCourtHouse_dYO7I0FcEU"
23080,"PerfCourtroom_zhpggqpcjfp",30637,"PerfCourtHouse_dYO7I0FcEU"
23080,"PerfCourtroom_vtbxuhbxmmb",31013,"PerfCourtHouse_dYO7I0FcEU"
23080,"PerfCourtroom_ziokgretrys",30897,"PerfCourtHouse_dYO7I0FcEU"
23080,"PerfCourtroom_wcjcurvueph",31256,"PerfCourtHouse_dYO7I0FcEU"
23080,"PerfCourtroom_ojdakloftwg",31163,"PerfCourtHouse_dYO7I0FcEU"
23045,"PerfCourtroom_hcfasesusrv",31371,"PerfCourtHouse_eAyRvqnbsj"
23045,"PerfCourtroom_fywsduxsbqy",30660,"PerfCourtHouse_eAyRvqnbsj"
23045,"PerfCourtroom_renhaqrrtax",30812,"PerfCourtHouse_eAyRvqnbsj"
23045,"PerfCourtroom_qcwpqhhpmyq",31253,"PerfCourtHouse_eAyRvqnbsj"
23045,"PerfCourtroom_zurfvuojzuk",31158,"PerfCourtHouse_eAyRvqnbsj"
23045,"PerfCourtroom_umltgxxdwhz",31330,"PerfCourtHouse_eAyRvqnbsj"
23045,"PerfCourtroom_qpjkfyrwoln",30911,"PerfCourtHouse_eAyRvqnbsj"
23045,"PerfCourtroom_zaelnszxvpl",31052,"PerfCourtHouse_eAyRvqnbsj"
22990,"PerfCourtroom_ccdlfundibw",31040,"PerfCourtHouse_Edw7Ekvje2"
22990,"PerfCourtroom_ixxqyhhgbw",30486,"PerfCourtHouse_Edw7Ekvje2"
22990,"PerfCourtroom_cwegdcbcaqk",30843,"PerfCourtHouse_Edw7Ekvje2"
22990,"PerfCourtroom_oiqfwychkqe",30600,"PerfCourtHouse_Edw7Ekvje2"
22990,"PerfCourtroom_yygabmmznnc",30998,"PerfCourtHouse_Edw7Ekvje2"
22990,"PerfCourtroom_oyfepgpnzfx",31314,"PerfCourtHouse_Edw7Ekvje2"
22990,"PerfCourtroom_xyelltini",30516,"PerfCourtHouse_Edw7Ekvje2"
22990,"PerfCourtroom_ysxczsyvzuy",30601,"PerfCourtHouse_Edw7Ekvje2"
22990,"PerfCourtroom_jaauqczztsh",31179,"PerfCourtHouse_Edw7Ekvje2"
22990,"PerfCourtroom_ltwmwmsxzci",30913,"PerfCourtHouse_Edw7Ekvje2"
23005,"PerfCourtroom_nfkfgnrsxao",31149,"PerfCourtHouse_EfurIzZ9kl"
23005,"PerfCourtroom_khewubcbvgu",30559,"PerfCourtHouse_EfurIzZ9kl"
23043,"PerfCourtroom_zivrjkpbrev",30996,"PerfCourtHouse_ENoFp8HG40"
23043,"PerfCourtroom_vgyfvbdoyuw",30860,"PerfCourtHouse_ENoFp8HG40"
23043,"PerfCourtroom_ejgnfdkoyux",30636,"PerfCourtHouse_ENoFp8HG40"
23043,"PerfCourtroom_mfwytkuispe",31218,"PerfCourtHouse_ENoFp8HG40"
23043,"PerfCourtroom_jztikgjlqtm",31000,"PerfCourtHouse_ENoFp8HG40"
23043,"PerfCourtroom_rzxxstglmu",30477,"PerfCourtHouse_ENoFp8HG40"
22988,"PerfCourtroom_kyuzetudvp",30498,"PerfCourtHouse_EptzgEJZKB"
22988,"PerfCourtroom_ktadqxazdgm",30747,"PerfCourtHouse_EptzgEJZKB"
22988,"PerfCourtroom_tooynjfhjuj",30677,"PerfCourtHouse_EptzgEJZKB"
22988,"PerfCourtroom_vvzxvigiqbc",31272,"PerfCourtHouse_EptzgEJZKB"
22988,"PerfCourtroom_pwulkyvozuu",31303,"PerfCourtHouse_EptzgEJZKB"
22988,"PerfCourtroom_dmhzjvfztak",30900,"PerfCourtHouse_EptzgEJZKB"
22988,"PerfCourtroom_xexeijqanub",31263,"PerfCourtHouse_EptzgEJZKB"
23081,"PerfCourtroom_vkiicjwpsyf",30949,"PerfCourtHouse_eRKvDMb4da"
23081,"PerfCourtroom_tmqjolmbrds",30875,"PerfCourtHouse_eRKvDMb4da"
23081,"PerfCourtroom_zffnugvjzkv",30765,"PerfCourtHouse_eRKvDMb4da"
23081,"PerfCourtroom_vwjwfypdzwv",31237,"PerfCourtHouse_eRKvDMb4da"
23081,"PerfCourtroom_xgvuzbahqmb",30569,"PerfCourtHouse_eRKvDMb4da"
22977,"PerfCourtroom_gfzzkbygmxe",31278,"PerfCourtHouse_EuLnzqu9Tk"
22977,"PerfCourtroom_gftierzkego",31139,"PerfCourtHouse_EuLnzqu9Tk"
22977,"PerfCourtroom_grliuhdmnx",30409,"PerfCourtHouse_EuLnzqu9Tk"
22977,"PerfCourtroom_pimmhshqvlv",31073,"PerfCourtHouse_EuLnzqu9Tk"
23021,"PerfCourtroom_vgjzntgdlpp",30887,"PerfCourtHouse_EvS7rFO75e"
23021,"PerfCourtroom_yeotkbgkugk",30556,"PerfCourtHouse_EvS7rFO75e"
23021,"PerfCourtroom_fwmzfclqgwk",31007,"PerfCourtHouse_EvS7rFO75e"
23021,"PerfCourtroom_idvfnqkcej",30476,"PerfCourtHouse_EvS7rFO75e"
23021,"PerfCourtroom_cljtbfvmmlh",31055,"PerfCourtHouse_EvS7rFO75e"
23021,"PerfCourtroom_vrdjebxkcaj",31309,"PerfCourtHouse_EvS7rFO75e"
22834,"PerfCourtroom_dbgjunglzcp",30169,"PerfCourtHouse_EX0O95jeAU"
22834,"PerfCourtroom_arvznmymgyp",30149,"PerfCourtHouse_EX0O95jeAU"
22834,"PerfCourtroom_odliftxwwsd",30092,"PerfCourtHouse_EX0O95jeAU"
22834,"PerfCourtroom_isorgrizxoy",30270,"PerfCourtHouse_EX0O95jeAU"
22834,"PerfCourtroom_daxyfezwhiv",30189,"PerfCourtHouse_EX0O95jeAU"
22834,"PerfCourtroom_qsfitpdskjg",30029,"PerfCourtHouse_EX0O95jeAU"
22834,"PerfCourtroom_fphsdusorww",30311,"PerfCourtHouse_EX0O95jeAU"
22834,"PerfCourtroom_jfeoihwranb",30310,"PerfCourtHouse_EX0O95jeAU"
22834,"PerfCourtroom_ojsyqyeoyi",30275,"PerfCourtHouse_EX0O95jeAU"
22834,"PerfCourtroom_sftahzxdoje",30294,"PerfCourtHouse_EX0O95jeAU"
22981,"PerfCourtroom_qaznmcdeydl",31230,"PerfCourtHouse_f1ONe3ZsQs"
22981,"PerfCourtroom_youyaauadcw",30644,"PerfCourtHouse_f1ONe3ZsQs"
22981,"PerfCourtroom_eobjiwaiqfp",30733,"PerfCourtHouse_f1ONe3ZsQs"
22981,"PerfCourtroom_mjbvkkgifhz",30729,"PerfCourtHouse_f1ONe3ZsQs"
22981,"PerfCourtroom_xecrnxpruac",30762,"PerfCourtHouse_f1ONe3ZsQs"
22981,"PerfCourtroom_uwdwakacrch",30576,"PerfCourtHouse_f1ONe3ZsQs"
22949,"PerfCourtroom_ohbmnipyjru",30856,"PerfCourtHouse_fCb05Na12y"
22949,"PerfCourtroom_wusilxryhmw",31266,"PerfCourtHouse_fCb05Na12y"
22949,"PerfCourtroom_rbtymnvgwgp",31318,"PerfCourtHouse_fCb05Na12y"
22949,"PerfCourtroom_zniqmwvapaa",31044,"PerfCourtHouse_fCb05Na12y"
23032,"PerfCourtroom_eximflweymp",31188,"PerfCourtHouse_FjwhMmhJl5"
23032,"PerfCourtroom_weozcplqjta",31036,"PerfCourtHouse_FjwhMmhJl5"
23032,"PerfCourtroom_wmhekpuverr",31122,"PerfCourtHouse_FjwhMmhJl5"
23032,"PerfCourtroom_izpmtvtttdc",30844,"PerfCourtHouse_FjwhMmhJl5"
23032,"PerfCourtroom_oxgprgyvpep",31125,"PerfCourtHouse_FjwhMmhJl5"
23032,"PerfCourtroom_gecqviewjiy",31023,"PerfCourtHouse_FjwhMmhJl5"
23032,"PerfCourtroom_eokkmlxidub",31093,"PerfCourtHouse_FjwhMmhJl5"
23093,"PerfCourtroom_etuljocdwdo",31285,"PerfCourtHouse_g41IKA9cuo"
23093,"PerfCourtroom_drfnfcxyomy",31116,"PerfCourtHouse_g41IKA9cuo"
23093,"PerfCourtroom_ypbfsytymzp",30671,"PerfCourtHouse_g41IKA9cuo"
23093,"PerfCourtroom_wqlqcrytzsv",30781,"PerfCourtHouse_g41IKA9cuo"
23093,"PerfCourtroom_tkgztnudulb",31290,"PerfCourtHouse_g41IKA9cuo"
23075,"PerfCourtroom_gnwnrmmjsdh",31114,"PerfCourtHouse_gAmP7WmaTA"
23075,"PerfCourtroom_hrnxxafwvhb",31313,"PerfCourtHouse_gAmP7WmaTA"
23075,"PerfCourtroom_ybhmaqdkstg",30663,"PerfCourtHouse_gAmP7WmaTA"
23075,"PerfCourtroom_mnboatcbodf",31089,"PerfCourtHouse_gAmP7WmaTA"
23041,"PerfCourtroom_drsitzdnpwg",30962,"PerfCourtHouse_GcpvJwxA6u"
23041,"PerfCourtroom_mrppwnzuuzo",31059,"PerfCourtHouse_GcpvJwxA6u"
23041,"PerfCourtroom_makqjlipjqf",30629,"PerfCourtHouse_GcpvJwxA6u"
23041,"PerfCourtroom_nvhfcolourg",30645,"PerfCourtHouse_GcpvJwxA6u"
23041,"PerfCourtroom_xzlvbyivspz",30608,"PerfCourtHouse_GcpvJwxA6u"
23041,"PerfCourtroom_wgbhnqdolrt",31296,"PerfCourtHouse_GcpvJwxA6u"
23041,"PerfCourtroom_xmywsmvsoth",31130,"PerfCourtHouse_GcpvJwxA6u"
23041,"PerfCourtroom_lcbdlyfadbv",31003,"PerfCourtHouse_GcpvJwxA6u"
23041,"PerfCourtroom_nhfqjxkoeyj",30806,"PerfCourtHouse_GcpvJwxA6u"
22950,"PerfCourtroom_bhrvnnwthln",31306,"PerfCourtHouse_gdYf1b3PVy"
22950,"PerfCourtroom_wgyhuiqfliv",30905,"PerfCourtHouse_gdYf1b3PVy"
22950,"PerfCourtroom_vdsiwcsmtuo",30613,"PerfCourtHouse_gdYf1b3PVy"
22950,"PerfCourtroom_togihnvwapf",31327,"PerfCourtHouse_gdYf1b3PVy"
22950,"PerfCourtroom_uvzccioxaid",30946,"PerfCourtHouse_gdYf1b3PVy"
22932,"PerfCourtroom_tqvlwyqxtlv",31213,"PerfCourtHouse_GgXUNlajWj"
22932,"PerfCourtroom_dkbyqciifoz",31054,"PerfCourtHouse_GgXUNlajWj"
22932,"PerfCourtroom_ejjzgfmsuoh",30917,"PerfCourtHouse_GgXUNlajWj"
22932,"PerfCourtroom_bxxjnetypgp",30544,"PerfCourtHouse_GgXUNlajWj"
22932,"PerfCourtroom_jxowowdllzw",30662,"PerfCourtHouse_GgXUNlajWj"
22932,"PerfCourtroom_xnunxfuweiv",30652,"PerfCourtHouse_GgXUNlajWj"
22932,"PerfCourtroom_hlicrzuhilz",31025,"PerfCourtHouse_GgXUNlajWj"
22932,"PerfCourtroom_cljjjvstbki",30799,"PerfCourtHouse_GgXUNlajWj"
22980,"PerfCourtroom_ycrgpxyzrcb",31051,"PerfCourtHouse_goVPMp1aoy"
22980,"PerfCourtroom_ynonojyetli",30756,"PerfCourtHouse_goVPMp1aoy"
22980,"PerfCourtroom_xhsfxsytfbj",30748,"PerfCourtHouse_goVPMp1aoy"
22980,"PerfCourtroom_dszrfizlxmb",30868,"PerfCourtHouse_goVPMp1aoy"
23096,"PerfCourtroom_taupuzahuqv",30892,"PerfCourtHouse_GRonxQqVRE"
23096,"PerfCourtroom_yeukjntzqlu",31068,"PerfCourtHouse_GRonxQqVRE"
23096,"PerfCourtroom_aydxzfeaocb",31236,"PerfCourtHouse_GRonxQqVRE"
23096,"PerfCourtroom_jtrxloshasv",30570,"PerfCourtHouse_GRonxQqVRE"
23096,"PerfCourtroom_tzyhpzkbrsn",31279,"PerfCourtHouse_GRonxQqVRE"
23036,"PerfCourtroom_bwvkagwkljk",30738,"PerfCourtHouse_gs3z6xE8rI"
23036,"PerfCourtroom_nhfatavwdcf",31172,"PerfCourtHouse_gs3z6xE8rI"
23036,"PerfCourtroom_zdgrcrnwwnh",30571,"PerfCourtHouse_gs3z6xE8rI"
23036,"PerfCourtroom_noncvcbcrrv",30901,"PerfCourtHouse_gs3z6xE8rI"
23036,"PerfCourtroom_rliefxszskw",30834,"PerfCourtHouse_gs3z6xE8rI"
23036,"PerfCourtroom_zelgkwpogdy",31033,"PerfCourtHouse_gs3z6xE8rI"
23000,"PerfCourtroom_uagenkagfds",30709,"PerfCourtHouse_hVRUnX98V5"
23000,"PerfCourtroom_mxorflmdofc",31128,"PerfCourtHouse_hVRUnX98V5"
23000,"PerfCourtroom_amdltuaxskh",30940,"PerfCourtHouse_hVRUnX98V5"
23000,"PerfCourtroom_dsszixkbmsh",30926,"PerfCourtHouse_hVRUnX98V5"
23058,"PerfCourtroom_vlplniyksgk",30667,"PerfCourtHouse_i6hrHY7q8J"
23058,"PerfCourtroom_mkzksndjuxr",31137,"PerfCourtHouse_i6hrHY7q8J"
23058,"PerfCourtroom_icndylctsrx",31134,"PerfCourtHouse_i6hrHY7q8J"
23058,"PerfCourtroom_crttnckxsxp",30872,"PerfCourtHouse_i6hrHY7q8J"
23058,"PerfCourtroom_ncljllxdqno",31297,"PerfCourtHouse_i6hrHY7q8J"
23058,"PerfCourtroom_ragosclndka",31262,"PerfCourtHouse_i6hrHY7q8J"
23058,"PerfCourtroom_azbntihaycs",31206,"PerfCourtHouse_i6hrHY7q8J"
23058,"PerfCourtroom_sishmtwvngz",31127,"PerfCourtHouse_i6hrHY7q8J"
23058,"PerfCourtroom_iltijypczqc",30849,"PerfCourtHouse_i6hrHY7q8J"
23058,"PerfCourtroom_ssbrmwutadk",30795,"PerfCourtHouse_i6hrHY7q8J"
22973,"PerfCourtroom_bypolofigvo",30734,"PerfCourtHouse_Ib49nMmJOD"
22973,"PerfCourtroom_yleplluxvtk",31143,"PerfCourtHouse_Ib49nMmJOD"
22973,"PerfCourtroom_zannslaeqeb",30924,"PerfCourtHouse_Ib49nMmJOD"
22973,"PerfCourtroom_mesvpeqefxl",30841,"PerfCourtHouse_Ib49nMmJOD"
22973,"PerfCourtroom_jfghajeifac",31234,"PerfCourtHouse_Ib49nMmJOD"
22973,"PerfCourtroom_josanrhxwvk",30656,"PerfCourtHouse_Ib49nMmJOD"
22973,"PerfCourtroom_nmzzlnydcyk",30807,"PerfCourtHouse_Ib49nMmJOD"
23078,"PerfCourtroom_dbyaqjqvrgd",31006,"PerfCourtHouse_J4epJD2D5i"
23078,"PerfCourtroom_lfovnepwobu",30557,"PerfCourtHouse_J4epJD2D5i"
23078,"PerfCourtroom_osnlaeedlxd",31080,"PerfCourtHouse_J4epJD2D5i"
23078,"PerfCourtroom_dpxdmcsuqtc",30915,"PerfCourtHouse_J4epJD2D5i"
23078,"PerfCourtroom_mhappvvrwgh",31324,"PerfCourtHouse_J4epJD2D5i"
23078,"PerfCourtroom_pjaoopeqfnj",30741,"PerfCourtHouse_J4epJD2D5i"
23002,"PerfCourtroom_jbaiidtcpbn",30861,"PerfCourtHouse_jdrb3PQrgd"
23002,"PerfCourtroom_kpnlellquha",30546,"PerfCourtHouse_jdrb3PQrgd"
23002,"PerfCourtroom_cahgumqofqk",31298,"PerfCourtHouse_jdrb3PQrgd"
23002,"PerfCourtroom_hdagraeyqow",31315,"PerfCourtHouse_jdrb3PQrgd"
23001,"PerfCourtroom_ebpdsjfcpdx",30928,"PerfCourtHouse_JfNxar5tnR"
23001,"PerfCourtroom_woqnmqmrrox",30540,"PerfCourtHouse_JfNxar5tnR"
23001,"PerfCourtroom_glycgqzymtu",31274,"PerfCourtHouse_JfNxar5tnR"
23001,"PerfCourtroom_ijunoxgrmfe",31076,"PerfCourtHouse_JfNxar5tnR"
23008,"PerfCourtroom_vovwmcxmqcm",30869,"PerfCourtHouse_jHHF2FDX5i"
23008,"PerfCourtroom_ajokqltvia",30528,"PerfCourtHouse_jHHF2FDX5i"
23008,"PerfCourtroom_fvngesftmik",30686,"PerfCourtHouse_jHHF2FDX5i"
23008,"PerfCourtroom_tublhzlkodg",30963,"PerfCourtHouse_jHHF2FDX5i"
23008,"PerfCourtroom_dbgnqdgyquc",31261,"PerfCourtHouse_jHHF2FDX5i"
23008,"PerfCourtroom_owmmbperfws",30551,"PerfCourtHouse_jHHF2FDX5i"
22987,"PerfCourtroom_ocshfbzwzaz",31064,"PerfCourtHouse_jhil9dpRQR"
22987,"PerfCourtroom_dxpdkhklodu",31227,"PerfCourtHouse_jhil9dpRQR"
22987,"PerfCourtroom_jgeaptghygq",30634,"PerfCourtHouse_jhil9dpRQR"
22987,"PerfCourtroom_uxxokqzcech",30553,"PerfCourtHouse_jhil9dpRQR"
22987,"PerfCourtroom_odhtgcsbxiy",30817,"PerfCourtHouse_jhil9dpRQR"
22987,"PerfCourtroom_rtajtaktf",30488,"PerfCourtHouse_jhil9dpRQR"
22987,"PerfCourtroom_pojhhkcudvt",31168,"PerfCourtHouse_jhil9dpRQR"
22892,"PerfCourtroom_tcpmquzmcwj",30256,"PerfCourtHouse_JQMBe2A4sq"
22892,"PerfCourtroom_rucircfimnn",30369,"PerfCourtHouse_JQMBe2A4sq"
22892,"PerfCourtroom_eplsqhhovgi",30260,"PerfCourtHouse_JQMBe2A4sq"
22892,"PerfCourtroom_ocwalaemanp",30257,"PerfCourtHouse_JQMBe2A4sq"
22892,"PerfCourtroom_riesnemjqyl",30091,"PerfCourtHouse_JQMBe2A4sq"
22892,"PerfCourtroom_ybzzxtygspn",30171,"PerfCourtHouse_JQMBe2A4sq"
22892,"PerfCourtroom_xayhfyzrteu",30130,"PerfCourtHouse_JQMBe2A4sq"
22892,"PerfCourtroom_ivlmwszdjso",30131,"PerfCourtHouse_JQMBe2A4sq"
22892,"PerfCourtroom_hfwhzyfhtvx",30153,"PerfCourtHouse_JQMBe2A4sq"
22892,"PerfCourtroom_acdjdpkkxpk",30090,"PerfCourtHouse_JQMBe2A4sq"
22892,"PerfCourtroom_rucircfimn",30173,"PerfCourtHouse_JQMBe2A4sq"
22986,"PerfCourtroom_kvmbbplflhw",31276,"PerfCourtHouse_JsX6xivXIi"
22986,"PerfCourtroom_tjylznchvn",30499,"PerfCourtHouse_JsX6xivXIi"
22986,"PerfCourtroom_haozxqrctee",30845,"PerfCourtHouse_JsX6xivXIi"
22986,"PerfCourtroom_sjdmaldwwwc",30735,"PerfCourtHouse_JsX6xivXIi"
22986,"PerfCourtroom_hewmexonjsw",30753,"PerfCourtHouse_JsX6xivXIi"
22986,"PerfCourtroom_caklekcqtrp",30752,"PerfCourtHouse_JsX6xivXIi"
22986,"PerfCourtroom_vhkrxvncpke",31231,"PerfCourtHouse_JsX6xivXIi"
22957,"PerfCourtroom_fcselplxlmw",31161,"PerfCourtHouse_KehPzXw5Ku"
22957,"PerfCourtroom_hhxxqcnosaz",31126,"PerfCourtHouse_KehPzXw5Ku"
22957,"PerfCourtroom_rjohchrxuor",31101,"PerfCourtHouse_KehPzXw5Ku"
22957,"PerfCourtroom_nmqnnqoqsoi",31233,"PerfCourtHouse_KehPzXw5Ku"
22957,"PerfCourtroom_yjqoefxbirj",30948,"PerfCourtHouse_KehPzXw5Ku"
22957,"PerfCourtroom_rqlaeeenojg",31165,"PerfCourtHouse_KehPzXw5Ku"
23039,"PerfCourtroom_ltjbnfmzkpo",30879,"PerfCourtHouse_kPlR8QwPpI"
23039,"PerfCourtroom_cnwkmpjsnxq",30970,"PerfCourtHouse_kPlR8QwPpI"
23039,"PerfCourtroom_khcpriioxxh",30974,"PerfCourtHouse_kPlR8QwPpI"
23039,"PerfCourtroom_tvmpcrorduc",31302,"PerfCourtHouse_kPlR8QwPpI"
23039,"PerfCourtroom_uzcoxcffhwt",31215,"PerfCourtHouse_kPlR8QwPpI"
23003,"PerfCourtroom_aysgqldvbjk",31317,"PerfCourtHouse_KtiDtwSbZC"
23003,"PerfCourtroom_qcampysxftn",31372,"PerfCourtHouse_KtiDtwSbZC"
23003,"PerfCourtroom_wmxxuddgznv",30676,"PerfCourtHouse_KtiDtwSbZC"
23003,"PerfCourtroom_vtgitmdtoim",30777,"PerfCourtHouse_KtiDtwSbZC"
23024,"PerfCourtroom_ptnpjudipox",30930,"PerfCourtHouse_lbzLJ70yd4"
23024,"PerfCourtroom_dmypquwlzgs",31133,"PerfCourtHouse_lbzLJ70yd4"
23024,"PerfCourtroom_aeenihtuobe",31201,"PerfCourtHouse_lbzLJ70yd4"
23024,"PerfCourtroom_ypyfwosfeql",31211,"PerfCourtHouse_lbzLJ70yd4"
23057,"PerfCourtroom_wwvehldbkdd",31160,"PerfCourtHouse_LJkRkUzp94"
23057,"PerfCourtroom_mblxtppdxi",30496,"PerfCourtHouse_LJkRkUzp94"
23057,"PerfCourtroom_vrjuanvfzxs",30865,"PerfCourtHouse_LJkRkUzp94"
23057,"PerfCourtroom_rniwaujfgd",30482,"PerfCourtHouse_LJkRkUzp94"
23057,"PerfCourtroom_duiwgtvvykn",31075,"PerfCourtHouse_LJkRkUzp94"
23057,"PerfCourtroom_ijdzmvsxl",30524,"PerfCourtHouse_LJkRkUzp94"
23057,"PerfCourtroom_yaqzbcpsuwb",31050,"PerfCourtHouse_LJkRkUzp94"
23057,"PerfCourtroom_akntyhkavir",31021,"PerfCourtHouse_LJkRkUzp94"
23023,"PerfCourtroom_hvvgrxmuyar",31032,"PerfCourtHouse_lMeNahWacD"
23023,"PerfCourtroom_ebluqbjkmww",30811,"PerfCourtHouse_lMeNahWacD"
23023,"PerfCourtroom_cbqhfwqnfts",30874,"PerfCourtHouse_lMeNahWacD"
23023,"PerfCourtroom_fykkpalrarc",30798,"PerfCourtHouse_lMeNahWacD"
23023,"PerfCourtroom_inobhulhspu",30759,"PerfCourtHouse_lMeNahWacD"
23023,"PerfCourtroom_jzynhbykltt",30655,"PerfCourtHouse_lMeNahWacD"
23034,"PerfCourtroom_ggnhjiberka",30749,"PerfCourtHouse_m3IcHfMLau"
23034,"PerfCourtroom_syuaheanrto",30625,"PerfCourtHouse_m3IcHfMLau"
23034,"PerfCourtroom_caxxmdmbfxd",31107,"PerfCourtHouse_m3IcHfMLau"
23034,"PerfCourtroom_acdnjpmaaqq",31220,"PerfCourtHouse_m3IcHfMLau"
23034,"PerfCourtroom_vcolccyzmph",30801,"PerfCourtHouse_m3IcHfMLau"
23034,"PerfCourtroom_wrttvsdtpjf",30847,"PerfCourtHouse_m3IcHfMLau"
23034,"PerfCourtroom_qtbuatfvxwa",31046,"PerfCourtHouse_m3IcHfMLau"
23034,"PerfCourtroom_zumdrkrrxkt",30912,"PerfCourtHouse_m3IcHfMLau"
23030,"PerfCourtroom_coxltogdrnn",31273,"PerfCourtHouse_M47XSc3ws3"
23030,"PerfCourtroom_xkvkcgtrquk",30542,"PerfCourtHouse_M47XSc3ws3"
23030,"PerfCourtroom_ciayfcshtdu",30549,"PerfCourtHouse_M47XSc3ws3"
23030,"PerfCourtroom_xxlzoaounqh",31097,"PerfCourtHouse_M47XSc3ws3"
23055,"PerfCourtroom_osupsxgkdhj",31131,"PerfCourtHouse_M9fWJCWaX3"
23055,"PerfCourtroom_yvhzkfcaaob",31024,"PerfCourtHouse_M9fWJCWaX3"
23055,"PerfCourtroom_ibviiwjwgcf",30541,"PerfCourtHouse_M9fWJCWaX3"
23055,"PerfCourtroom_iasfipmeqov",30642,"PerfCourtHouse_M9fWJCWaX3"
23055,"PerfCourtroom_orkgvjtcsvx",30743,"PerfCourtHouse_M9fWJCWaX3"
23055,"PerfCourtroom_ojjaharlhm",30480,"PerfCourtHouse_M9fWJCWaX3"
23055,"PerfCourtroom_qoafxczlcjm",31058,"PerfCourtHouse_M9fWJCWaX3"
23055,"PerfCourtroom_tyfgxynrhxd",30966,"PerfCourtHouse_M9fWJCWaX3"
23059,"PerfCourtroom_sgyovqzqueo",30840,"PerfCourtHouse_MMWjefn5Ic"
23059,"PerfCourtroom_mgbytpompvp",30736,"PerfCourtHouse_MMWjefn5Ic"
23059,"PerfCourtroom_zauptfxwsue",30884,"PerfCourtHouse_MMWjefn5Ic"
23059,"PerfCourtroom_bjmzbsirhh",30449,"PerfCourtHouse_MMWjefn5Ic"
23059,"PerfCourtroom_asvoultdfyq",30989,"PerfCourtHouse_MMWjefn5Ic"
23059,"PerfCourtroom_mvxhcbelgro",30826,"PerfCourtHouse_MMWjefn5Ic"
23059,"PerfCourtroom_zyhbjqhaedg",31027,"PerfCourtHouse_MMWjefn5Ic"
23076,"PerfCourtroom_ccielqvqbei",31142,"PerfCourtHouse_MXBpTRcF0T"
23076,"PerfCourtroom_mqlsnjuhjay",31183,"PerfCourtHouse_MXBpTRcF0T"
23076,"PerfCourtroom_nvpquaibdpm",31222,"PerfCourtHouse_MXBpTRcF0T"
23076,"PerfCourtroom_qnzagpfgaup",31067,"PerfCourtHouse_MXBpTRcF0T"
23076,"PerfCourtroom_orbuxydwiff",30964,"PerfCourtHouse_MXBpTRcF0T"
23015,"PerfCourtroom_bbnallbtgwv",31251,"PerfCourtHouse_myRQUK7wlG"
23015,"PerfCourtroom_dmrpylsfmox",30923,"PerfCourtHouse_myRQUK7wlG"
23015,"PerfCourtroom_shqyhfljrrs",31118,"PerfCourtHouse_myRQUK7wlG"
23015,"PerfCourtroom_sfimndglcgr",31157,"PerfCourtHouse_myRQUK7wlG"
23015,"PerfCourtroom_bpcncabmzni",30537,"PerfCourtHouse_myRQUK7wlG"
23015,"PerfCourtroom_ktlsilsldq",30450,"PerfCourtHouse_myRQUK7wlG"
23015,"PerfCourtroom_xcczgwmnyut",30538,"PerfCourtHouse_myRQUK7wlG"
23015,"PerfCourtroom_smkezwcbdus",30936,"PerfCourtHouse_myRQUK7wlG"
23015,"PerfCourtroom_tuxzyeglnek",30938,"PerfCourtHouse_myRQUK7wlG"
22835,"PerfCourtroom_wikqekldizr",30096,"PerfCourtHouse_NHGofIJRZM"
22835,"PerfCourtroom_zybwaegqme",30309,"PerfCourtHouse_NHGofIJRZM"
22835,"PerfCourtroom_ulydbejmtrd",30312,"PerfCourtHouse_NHGofIJRZM"
22835,"PerfCourtroom_autgafjdtgw",30267,"PerfCourtHouse_NHGofIJRZM"
22835,"PerfCourtroom_wwthompjxww",30094,"PerfCourtHouse_NHGofIJRZM"
22835,"PerfCourtroom_vwwtvlqqspv",30258,"PerfCourtHouse_NHGofIJRZM"
23060,"PerfCourtroom_ghcoyvihjkj",31111,"PerfCourtHouse_nppIPCj0Pn"
23060,"PerfCourtroom_fmcolxhmofd",30939,"PerfCourtHouse_nppIPCj0Pn"
23060,"PerfCourtroom_uvtpavedbhs",31288,"PerfCourtHouse_nppIPCj0Pn"
22936,"PerfCourtroom_akpblzrjdda",30968,"PerfCourtHouse_nq6vU4DcEc"
22936,"PerfCourtroom_mlzctriklyy",31060,"PerfCourtHouse_nq6vU4DcEc"
22936,"PerfCourtroom_ahsyqdfuhgx",30827,"PerfCourtHouse_nq6vU4DcEc"
22852,"PerfCourtroom_ngwrxzpkkze",30335,"PerfCourtHouse_nQZcqGM0G1"
22852,"PerfCourtroom_enuobmojtva",30230,"PerfCourtHouse_nQZcqGM0G1"
22852,"PerfCourtroom_qxnpsimniou",30198,"PerfCourtHouse_nQZcqGM0G1"
22852,"PerfCourtroom_qpsqibsvxbe",30297,"PerfCourtHouse_nQZcqGM0G1"
22852,"PerfCourtroom_nnbhjwkoync",30197,"PerfCourtHouse_nQZcqGM0G1"
22852,"PerfCourtroom_excqweflbmb",30313,"PerfCourtHouse_nQZcqGM0G1"
22852,"PerfCourtroom_tcsicifonrq",30158,"PerfCourtHouse_nQZcqGM0G1"
22852,"PerfCourtroom_zhbvejndhsq",30333,"PerfCourtHouse_nQZcqGM0G1"
22852,"PerfCourtroom_zgjpfrxhnrx",30152,"PerfCourtHouse_nQZcqGM0G1"
23014,"PerfCourtroom_xmkymbjgk",30504,"PerfCourtHouse_nrj6azD757"
23014,"PerfCourtroom_dbnfnjymrcp",30854,"PerfCourtHouse_nrj6azD757"
23014,"PerfCourtroom_pfbqmoxpqke",30545,"PerfCourtHouse_nrj6azD757"
23014,"PerfCourtroom_cgfxejwsmki",30672,"PerfCourtHouse_nrj6azD757"
23014,"PerfCourtroom_cbuaycqsv",30489,"PerfCourtHouse_nrj6azD757"
23014,"PerfCourtroom_zjpejipplb",30523,"PerfCourtHouse_nrj6azD757"
23014,"PerfCourtroom_tazegqocbfs",31323,"PerfCourtHouse_nrj6azD757"
23014,"PerfCourtroom_vajxtqeqzza",31057,"PerfCourtHouse_nrj6azD757"
22998,"PerfCourtroom_agferxlanht",31316,"PerfCourtHouse_nVLWcKes6p"
22998,"PerfCourtroom_rfltgywlxji",31014,"PerfCourtHouse_nVLWcKes6p"
22998,"PerfCourtroom_mgoxapctjwb",30789,"PerfCourtHouse_nVLWcKes6p"
22998,"PerfCourtroom_wxvfuxckyam",30975,"PerfCourtHouse_nVLWcKes6p"
22998,"PerfCourtroom_vaszzjsgv",30520,"PerfCourtHouse_nVLWcKes6p"
22998,"PerfCourtroom_czqtgirqip",30529,"PerfCourtHouse_nVLWcKes6p"
22989,"PerfCourtroom_amoinluwfbb",30818,"PerfCourtHouse_NWdjmFl63r"
22989,"PerfCourtroom_pwsxzfrlwlk",30957,"PerfCourtHouse_NWdjmFl63r"
22989,"PerfCourtroom_xohhnrxhdsm",31280,"PerfCourtHouse_NWdjmFl63r"
23009,"PerfCourtroom_vjkakkeyebx",31135,"PerfCourtHouse_O5yFxEdrJH"
23009,"PerfCourtroom_zakpyllvyie",30956,"PerfCourtHouse_O5yFxEdrJH"
23009,"PerfCourtroom_cfwybnzddla",30782,"PerfCourtHouse_O5yFxEdrJH"
23009,"PerfCourtroom_hgsrkxougec",31208,"PerfCourtHouse_O5yFxEdrJH"
23009,"PerfCourtroom_qnnihiwjwqv",31203,"PerfCourtHouse_O5yFxEdrJH"
23009,"PerfCourtroom_afdbhgiry",30505,"PerfCourtHouse_O5yFxEdrJH"
23009,"PerfCourtroom_muqnxjadumr",30604,"PerfCourtHouse_O5yFxEdrJH"
23009,"PerfCourtroom_wztuiitoorj",30932,"PerfCourtHouse_O5yFxEdrJH"
23009,"PerfCourtroom_ubdfkxdagns",30649,"PerfCourtHouse_O5yFxEdrJH"
23031,"PerfCourtroom_pnwtqyrnojs",31299,"PerfCourtHouse_Oc8EF2NsDa"
23031,"PerfCourtroom_fxuwnwuednv",31195,"PerfCourtHouse_Oc8EF2NsDa"
23031,"PerfCourtroom_milsbsgrnkt",30555,"PerfCourtHouse_Oc8EF2NsDa"
23031,"PerfCourtroom_rthmqxqjzms",30931,"PerfCourtHouse_Oc8EF2NsDa"
23031,"PerfCourtroom_knploabrt",30500,"PerfCourtHouse_Oc8EF2NsDa"
23031,"PerfCourtroom_jlujloyeazl",31182,"PerfCourtHouse_Oc8EF2NsDa"
23031,"PerfCourtroom_uxprxhfouaf",30535,"PerfCourtHouse_Oc8EF2NsDa"
22996,"PerfCourtroom_bhnfakdxcns",30850,"PerfCourtHouse_p5AGAkbLUk"
22996,"PerfCourtroom_cjsskdbliag",31098,"PerfCourtHouse_p5AGAkbLUk"
22996,"PerfCourtroom_gmkybykczh",30472,"PerfCourtHouse_p5AGAkbLUk"
23064,"PerfCourtroom_mtatunddnlg",30972,"PerfCourtHouse_pdZS98zh4T"
23064,"PerfCourtroom_xobstxivkt",30469,"PerfCourtHouse_pdZS98zh4T"
23064,"PerfCourtroom_iteybtfvehn",30960,"PerfCourtHouse_pdZS98zh4T"
23064,"PerfCourtroom_sznfvhmkznf",30796,"PerfCourtHouse_pdZS98zh4T"
23064,"PerfCourtroom_xoligakgjua",31293,"PerfCourtHouse_pdZS98zh4T"
23064,"PerfCourtroom_lwcbrkasnfy",30594,"PerfCourtHouse_pdZS98zh4T"
23044,"PerfCourtroom_guibzyjysur",30814,"PerfCourtHouse_PiZAQDvL82"
23044,"PerfCourtroom_sdzdpvjnotq",31144,"PerfCourtHouse_PiZAQDvL82"
23044,"PerfCourtroom_gkjkqmlobfm",31085,"PerfCourtHouse_PiZAQDvL82"
23044,"PerfCourtroom_kxulhejefps",31284,"PerfCourtHouse_PiZAQDvL82"
23026,"PerfCourtroom_ykfrapxbjlv",30616,"PerfCourtHouse_pNOWKqYTY6"
23026,"PerfCourtroom_sfervqelhie",30863,"PerfCourtHouse_pNOWKqYTY6"
23026,"PerfCourtroom_uxgmgqvrtub",30909,"PerfCourtHouse_pNOWKqYTY6"
23026,"PerfCourtroom_hvqrantevao",31049,"PerfCourtHouse_pNOWKqYTY6"
23026,"PerfCourtroom_ycnowlmyivy",31048,"PerfCourtHouse_pNOWKqYTY6"
23026,"PerfCourtroom_wiiczcrrjda",30918,"PerfCourtHouse_pNOWKqYTY6"
23026,"PerfCourtroom_kageulxyize",30919,"PerfCourtHouse_pNOWKqYTY6"
23026,"PerfCourtroom_bgzlwvrzyud",30959,"PerfCourtHouse_pNOWKqYTY6"
23026,"PerfCourtroom_kxslvykndwo",30665,"PerfCourtHouse_pNOWKqYTY6"
22991,"PerfCourtroom_nazhcfgicwo",30596,"PerfCourtHouse_Q10DectqNu"
22991,"PerfCourtroom_houhcikkm",30511,"PerfCourtHouse_Q10DectqNu"
22991,"PerfCourtroom_oiiawopsfnx",30554,"PerfCourtHouse_Q10DectqNu"
22991,"PerfCourtroom_mcibtnvrmor",30611,"PerfCourtHouse_Q10DectqNu"
22991,"PerfCourtroom_ucpoxeftatw",30754,"PerfCourtHouse_Q10DectqNu"
22991,"PerfCourtroom_owxwejfwriw",30954,"PerfCourtHouse_Q10DectqNu"
22991,"PerfCourtroom_eutarlrjgxf",31104,"PerfCourtHouse_Q10DectqNu"
22991,"PerfCourtroom_eraqosyqkiz",31226,"PerfCourtHouse_Q10DectqNu"
22991,"PerfCourtroom_mvcgfwkhjdm",31270,"PerfCourtHouse_Q10DectqNu"
22991,"PerfCourtroom_qypkinwxscb",31289,"PerfCourtHouse_Q10DectqNu"
22991,"PerfCourtroom_yaozyphhedp",31295,"PerfCourtHouse_Q10DectqNu"
22991,"PerfCourtroom_swwxyhwovox",31307,"PerfCourtHouse_Q10DectqNu"
23084,"PerfCourtroom_qhhkfpyqpnl",30783,"PerfCourtHouse_QiXzHbnvzu"
23084,"PerfCourtroom_iwzwekhmtnt",31294,"PerfCourtHouse_QiXzHbnvzu"
23084,"PerfCourtroom_ychddfbkawe",30633,"PerfCourtHouse_QiXzHbnvzu"
23084,"PerfCourtroom_hsibnteswgg",31178,"PerfCourtHouse_QiXzHbnvzu"
23084,"PerfCourtroom_fgstylahyvk",31225,"PerfCourtHouse_QiXzHbnvzu"
23084,"PerfCourtroom_uzqvtfjtneu",31249,"PerfCourtHouse_QiXzHbnvzu"
23061,"PerfCourtroom_hernxqqbyfk",30778,"PerfCourtHouse_qkwJv5mEzX"
23061,"PerfCourtroom_vnagjgcfwo",30513,"PerfCourtHouse_qkwJv5mEzX"
23061,"PerfCourtroom_cbvtxszmcxt",30832,"PerfCourtHouse_qkwJv5mEzX"
23061,"PerfCourtroom_ndgspqdhw",30493,"PerfCourtHouse_qkwJv5mEzX"
23061,"PerfCourtroom_sieqdxhunzj",31009,"PerfCourtHouse_qkwJv5mEzX"
23061,"PerfCourtroom_yajccrfcktq",30999,"PerfCourtHouse_qkwJv5mEzX"
23061,"PerfCourtroom_yylmjmvxvsf",30935,"PerfCourtHouse_qkwJv5mEzX"
22999,"PerfCourtroom_wwxhewfqtur",30543,"PerfCourtHouse_Qmz2kSZYMa"
22999,"PerfCourtroom_dkyikfykgdy",31034,"PerfCourtHouse_Qmz2kSZYMa"
22999,"PerfCourtroom_bnyyfcbiott",30927,"PerfCourtHouse_Qmz2kSZYMa"
22999,"PerfCourtroom_ojgtjjwzzsq",30877,"PerfCourtHouse_Qmz2kSZYMa"
22999,"PerfCourtroom_dllcuorpzhw",30888,"PerfCourtHouse_Qmz2kSZYMa"
22999,"PerfCourtroom_lwbgxvmri",30484,"PerfCourtHouse_Qmz2kSZYMa"
22999,"PerfCourtroom_pilwxtrkimb",31156,"PerfCourtHouse_Qmz2kSZYMa"
22999,"PerfCourtroom_aliezlsgnss",30951,"PerfCourtHouse_Qmz2kSZYMa"
23062,"PerfCourtroom_tlxmconyauk",31070,"PerfCourtHouse_R4CGypkppU"
23062,"PerfCourtroom_cwgnzkgrfia",30710,"PerfCourtHouse_R4CGypkppU"
23062,"PerfCourtroom_aqrseplhncq",30955,"PerfCourtHouse_R4CGypkppU"
23062,"PerfCourtroom_pxcljxlhuho",30846,"PerfCourtHouse_R4CGypkppU"
23062,"PerfCourtroom_daaducjpgcu",30876,"PerfCourtHouse_R4CGypkppU"
23062,"PerfCourtroom_vlaqnvpisqz",30681,"PerfCourtHouse_R4CGypkppU"
23062,"PerfCourtroom_exnwfbmnzq",30514,"PerfCourtHouse_R4CGypkppU"
23062,"PerfCourtroom_gncevhhsips",31038,"PerfCourtHouse_R4CGypkppU"
23062,"PerfCourtroom_myhzaldvqj",30483,"PerfCourtHouse_R4CGypkppU"
23062,"PerfCourtroom_empdckhbffl",30853,"PerfCourtHouse_R4CGypkppU"
23016,"PerfCourtroom_zrnzhujxgob",30855,"PerfCourtHouse_RbzcDOldyw"
23016,"PerfCourtroom_cmcbjspbqzk",30658,"PerfCourtHouse_RbzcDOldyw"
23016,"PerfCourtroom_ybewvdzlqtx",31369,"PerfCourtHouse_RbzcDOldyw"
23016,"PerfCourtroom_gnrkgoscl",30479,"PerfCourtHouse_RbzcDOldyw"
22940,"PerfCourtroom_vaohyjigpki",31071,"PerfCourtHouse_rGTA76v19S"
22940,"PerfCourtroom_qufcbdvbwyk",30829,"PerfCourtHouse_rGTA76v19S"
22940,"PerfCourtroom_tflhhymkbwe",30945,"PerfCourtHouse_rGTA76v19S"
22814,"PerfCourtroom_pdwlnmzgzxn",30157,"PerfCourtHouse_rolxQi4Qid"
22814,"PerfCourtroom_rtmlhoxfcbs",30095,"PerfCourtHouse_rolxQi4Qid"
22814,"PerfCourtroom_pcbyufqjkcg",30110,"PerfCourtHouse_rolxQi4Qid"
22814,"PerfCourtroom_cugqxlxfexo",30133,"PerfCourtHouse_rolxQi4Qid"
22814,"PerfCourtroom_dmlxeutvifc",30162,"PerfCourtHouse_rolxQi4Qid"
22814,"PerfCourtroom_kpthdpablbe",30172,"PerfCourtHouse_rolxQi4Qid"
22814,"PerfCourtroom_zxadmvpdotf",30190,"PerfCourtHouse_rolxQi4Qid"
22814,"PerfCourtroom_uxqohsukidk",30192,"PerfCourtHouse_rolxQi4Qid"
22814,"PerfCourtroom_ysreoaciaxc",30265,"PerfCourtHouse_rolxQi4Qid"
22814,"PerfCourtroom_wykgahfswmc",30331,"PerfCourtHouse_rolxQi4Qid"
22814,"PerfCourtroom_efwjbuedque",30341,"PerfCourtHouse_rolxQi4Qid"
22942,"PerfCourtroom_hwczudpfyik",30942,"PerfCourtHouse_rzdG9UdDyF"
22942,"PerfCourtroom_ckdxjfqrmgs",31084,"PerfCourtHouse_rzdG9UdDyF"
22942,"PerfCourtroom_tjvrxzvoalw",30921,"PerfCourtHouse_rzdG9UdDyF"
22942,"PerfCourtroom_bevvaczxjmh",30758,"PerfCourtHouse_rzdG9UdDyF"
22942,"PerfCourtroom_bwbhbpwajnp",31191,"PerfCourtHouse_rzdG9UdDyF"
22942,"PerfCourtroom_dgyrqllyunp",30893,"PerfCourtHouse_rzdG9UdDyF"
22942,"PerfCourtroom_njaliquhgjb",30896,"PerfCourtHouse_rzdG9UdDyF"
23010,"PerfCourtroom_pszqajupebf",31185,"PerfCourtHouse_s5bElrySQD"
23010,"PerfCourtroom_wblvjgulhge",30779,"PerfCourtHouse_s5bElrySQD"
23010,"PerfCourtroom_vqychaxdqzt",31223,"PerfCourtHouse_s5bElrySQD"
23010,"PerfCourtroom_afzrbcynfac",30628,"PerfCourtHouse_s5bElrySQD"
23010,"PerfCourtroom_jgfoeoiyifr",31173,"PerfCourtHouse_s5bElrySQD"
23010,"PerfCourtroom_blxbrpnsrge",31077,"PerfCourtHouse_s5bElrySQD"
23010,"PerfCourtroom_wtlsjwvvvvr",30589,"PerfCourtHouse_s5bElrySQD"
23010,"PerfCourtroom_anzaifeedxf",30916,"PerfCourtHouse_s5bElrySQD"
23010,"PerfCourtroom_aeqnebvlmsv",31228,"PerfCourtHouse_s5bElrySQD"
22818,"PerfCourtroom_fttduqemlyp",31390,"PerfCourtHouse_Sc9graELDO"
22818,"PerfCourtroom_vknwdpqpetj",31391,"PerfCourtHouse_Sc9graELDO"
22818,"PerfCourtroom_noqmzudjrvm",31392,"PerfCourtHouse_Sc9graELDO"
22818,"PerfCourtroom_xwwhzbuomcn",30330,"PerfCourtHouse_Sc9graELDO"
22818,"PerfCourtroom_euvjcsxzybu",30295,"PerfCourtHouse_Sc9graELDO"
22818,"PerfCourtroom_pkbqcsycbms",31393,"PerfCourtHouse_Sc9graELDO"
22818,"PerfCourtroom_twmvsepnbsv",31394,"PerfCourtHouse_Sc9graELDO"
22818,"PerfCourtroom_tdehmedtnby",31389,"PerfCourtHouse_Sc9graELDO"
22818,"PerfCourtroom_bvczhwifyto",30292,"PerfCourtHouse_Sc9graELDO"
22945,"PerfCourtroom_tbjyckwyvmy",30848,"PerfCourtHouse_sEzAume38X"
22945,"PerfCourtroom_jvnfmqkstta",31153,"PerfCourtHouse_sEzAume38X"
22945,"PerfCourtroom_hbgqaerckhr",31190,"PerfCourtHouse_sEzAume38X"
22945,"PerfCourtroom_ecjyclscn",30521,"PerfCourtHouse_sEzAume38X"
23029,"PerfCourtroom_hmzbrczkwvt",31209,"PerfCourtHouse_SHTd1qCfyD"
23029,"PerfCourtroom_btelapzgxxo",30810,"PerfCourtHouse_SHTd1qCfyD"
23029,"PerfCourtroom_bwhdffvflvp",30857,"PerfCourtHouse_SHTd1qCfyD"
23029,"PerfCourtroom_hnefkfqiicz",31167,"PerfCourtHouse_SHTd1qCfyD"
22853,"PerfCourtroom_yenbpcrgujn",30252,"PerfCourtHouse_srhhOqdHTY"
22853,"PerfCourtroom_uakgvlxsbev",30298,"PerfCourtHouse_srhhOqdHTY"
22853,"PerfCourtroom_duxmgknpnt",30156,"PerfCourtHouse_srhhOqdHTY"
22853,"PerfCourtroom_oaragxivria",30264,"PerfCourtHouse_srhhOqdHTY"
22853,"PerfCourtroom_tcfoemhdzyk",30151,"PerfCourtHouse_srhhOqdHTY"
22853,"PerfCourtroom_olqiqgeiqid",30268,"PerfCourtHouse_srhhOqdHTY"
22853,"PerfCourtroom_byiirvgjyst",30291,"PerfCourtHouse_srhhOqdHTY"
22853,"PerfCourtroom_zqkzskjihc",30314,"PerfCourtHouse_srhhOqdHTY"
22959,"PerfCourtroom_egojjxfq",30509,"PerfCourtHouse_suIUgVAqDl"
22959,"PerfCourtroom_yakqrtdjbun",31196,"PerfCourtHouse_suIUgVAqDl"
22959,"PerfCourtroom_pehakkmide",30510,"PerfCourtHouse_suIUgVAqDl"
22939,"PerfCourtroom_lczrpcxdwxg",31176,"PerfCourtHouse_T04CHTuWye"
22939,"PerfCourtroom_yuyuwewmtct",30839,"PerfCourtHouse_T04CHTuWye"
22939,"PerfCourtroom_gobfygvlvpj",31119,"PerfCourtHouse_T04CHTuWye"
22939,"PerfCourtroom_dcknghfhhix",30646,"PerfCourtHouse_T04CHTuWye"
22939,"PerfCourtroom_owcmisnfhli",30838,"PerfCourtHouse_T04CHTuWye"
22946,"PerfCourtroom_ghvzpjalwff",30593,"PerfCourtHouse_ta6ISCNbbK"
22946,"PerfCourtroom_lzldpxnjfzk",30890,"PerfCourtHouse_ta6ISCNbbK"
22946,"PerfCourtroom_mvismqrszdf",31292,"PerfCourtHouse_ta6ISCNbbK"
22946,"PerfCourtroom_rnyensqfalp",31291,"PerfCourtHouse_ta6ISCNbbK"
22946,"PerfCourtroom_aerzpmkdbpg",30761,"PerfCourtHouse_ta6ISCNbbK"
22946,"PerfCourtroom_tfrdnusommf",30898,"PerfCourtHouse_ta6ISCNbbK"
22946,"PerfCourtroom_dffuyzvgvyd",30786,"PerfCourtHouse_ta6ISCNbbK"
23092,"PerfCourtroom_ujgwlhearic",30670,"PerfCourtHouse_tEn8eBfiRc"
23092,"PerfCourtroom_pxoeehtojbt",31184,"PerfCourtHouse_tEn8eBfiRc"
23092,"PerfCourtroom_wbsoxyhjahv",30548,"PerfCourtHouse_tEn8eBfiRc"
23092,"PerfCourtroom_aeqeetfijik",30750,"PerfCourtHouse_tEn8eBfiRc"
23092,"PerfCourtroom_kowukjutyta",30767,"PerfCourtHouse_tEn8eBfiRc"
23092,"PerfCourtroom_dwrmgekpnyj",31105,"PerfCourtHouse_tEn8eBfiRc"
22994,"PerfCourtroom_eghkyrnuuap",31283,"PerfCourtHouse_ToTZAr3gTY"
22994,"PerfCourtroom_jcbgtbimukp",31011,"PerfCourtHouse_ToTZAr3gTY"
22994,"PerfCourtroom_xhvnelwoqoq",31063,"PerfCourtHouse_ToTZAr3gTY"
22994,"PerfCourtroom_sjkzgvltkjx",31088,"PerfCourtHouse_ToTZAr3gTY"
22994,"PerfCourtroom_ojpsmrgbabj",30627,"PerfCourtHouse_ToTZAr3gTY"
22994,"PerfCourtroom_gllzrsxxwxh",31235,"PerfCourtHouse_ToTZAr3gTY"
23053,"PerfCourtroom_igzzfhsukbn",30851,"PerfCourtHouse_ttuzXaIOxo"
23053,"PerfCourtroom_mtkgimytux",30485,"PerfCourtHouse_ttuzXaIOxo"
23053,"PerfCourtroom_vapigpbgzab",30591,"PerfCourtHouse_ttuzXaIOxo"
23053,"PerfCourtroom_hwxbixnmtds",31081,"PerfCourtHouse_ttuzXaIOxo"
23053,"PerfCourtroom_ufqgucvmasb",31030,"PerfCourtHouse_ttuzXaIOxo"
23004,"PerfCourtroom_szyipplwokr",30624,"PerfCourtHouse_tUm2FeMaNR"
23004,"PerfCourtroom_zyajzixpgxq",30870,"PerfCourtHouse_tUm2FeMaNR"
23004,"PerfCourtroom_wynsixrptqn",30833,"PerfCourtHouse_tUm2FeMaNR"
23004,"PerfCourtroom_njrgssnyuad",30824,"PerfCourtHouse_tUm2FeMaNR"
23004,"PerfCourtroom_bjcjbnhgrpt",30910,"PerfCourtHouse_tUm2FeMaNR"
23019,"PerfCourtroom_dsqviufjoft",31189,"PerfCourtHouse_vieWTyk1H2"
23019,"PerfCourtroom_ezznngmrtrt",30864,"PerfCourtHouse_vieWTyk1H2"
23019,"PerfCourtroom_quqdrhesvib",31092,"PerfCourtHouse_vieWTyk1H2"
23019,"PerfCourtroom_anbouodwhqc",30684,"PerfCourtHouse_vieWTyk1H2"
23019,"PerfCourtroom_zgnzoxqruyy",31141,"PerfCourtHouse_vieWTyk1H2"
22832,"PerfCourtroom_bzmtcxyjhae",30193,"PerfCourtHouse_VsbQmeCUqK"
22832,"PerfCourtroom_zmcgjfltcez",30229,"PerfCourtHouse_VsbQmeCUqK"
22832,"PerfCourtroom_phdfoeazrwr",30154,"PerfCourtHouse_VsbQmeCUqK"
22832,"PerfCourtroom_fbszppgrcff",30155,"PerfCourtHouse_VsbQmeCUqK"
22832,"PerfCourtroom_nxmycqnjjcj",30255,"PerfCourtHouse_VsbQmeCUqK"
22832,"PerfCourtroom_xjammnxojmb",30159,"PerfCourtHouse_VsbQmeCUqK"
22832,"PerfCourtroom_vyhqvzepzyl",30334,"PerfCourtHouse_VsbQmeCUqK"
22832,"PerfCourtroom_trtknmmdefe",30161,"PerfCourtHouse_VsbQmeCUqK"
23073,"PerfCourtroom_aldvrrhqhdy",31138,"PerfCourtHouse_VWhWxn5V8u"
23073,"PerfCourtroom_kfomtdfvxuj",30904,"PerfCourtHouse_VWhWxn5V8u"
23073,"PerfCourtroom_ijrjevobnxh",30623,"PerfCourtHouse_VWhWxn5V8u"
23073,"PerfCourtroom_jvvdpiipxlw",30852,"PerfCourtHouse_VWhWxn5V8u"
23073,"PerfCourtroom_betooagpfxc",30669,"PerfCourtHouse_VWhWxn5V8u"
23073,"PerfCourtroom_tggmkfdvpzv",30800,"PerfCourtHouse_VWhWxn5V8u"
23095,"PerfCourtroom_liaqhftkkta",31174,"PerfCourtHouse_vygihP3qlp"
23095,"PerfCourtroom_ehikcmqeca",30473,"PerfCourtHouse_vygihP3qlp"
23095,"PerfCourtroom_ddxfeuivmlm",30971,"PerfCourtHouse_vygihP3qlp"
23095,"PerfCourtroom_bcwonjlkffj",30914,"PerfCourtHouse_vygihP3qlp"
23095,"PerfCourtroom_qencanhzdnu",30534,"PerfCourtHouse_vygihP3qlp"
22815,"PerfCourtroom_jhxdbwyilno",30191,"PerfCourtHouse_VYOiSlqrEH"
22815,"PerfCourtroom_huymihnoziy",30150,"PerfCourtHouse_VYOiSlqrEH"
22815,"PerfCourtroom_nngjtzwdtes",30296,"PerfCourtHouse_VYOiSlqrEH"
22815,"PerfCourtroom_kattkyksnfw",30332,"PerfCourtHouse_VYOiSlqrEH"
22815,"PerfCourtroom_vlmmeiolbfn",30249,"PerfCourtHouse_VYOiSlqrEH"
22815,"PerfCourtroom_uhaguaqsfcl",30253,"PerfCourtHouse_VYOiSlqrEH"
22815,"PerfCourtroom_kruywwgspkz",30262,"PerfCourtHouse_VYOiSlqrEH"
22954,"PerfCourtroom_qxpkoixriet",31147,"PerfCourtHouse_w4XR1TpTCK"
22954,"PerfCourtroom_yjchpvtycve",30835,"PerfCourtHouse_w4XR1TpTCK"
22954,"PerfCourtroom_ohuuednzgvi",31074,"PerfCourtHouse_w4XR1TpTCK"
22954,"PerfCourtroom_zhxwldeyorx",30804,"PerfCourtHouse_w4XR1TpTCK"
22954,"PerfCourtroom_guikeuxosy",30526,"PerfCourtHouse_w4XR1TpTCK"
22954,"PerfCourtroom_canetldedqd",31005,"PerfCourtHouse_w4XR1TpTCK"
22954,"PerfCourtroom_qasprintxqp",30862,"PerfCourtHouse_w4XR1TpTCK"
22954,"PerfCourtroom_pwxioklszvk",31146,"PerfCourtHouse_w4XR1TpTCK"
23006,"PerfCourtroom_gwyfmjezpjv",31121,"PerfCourtHouse_wDa3T3VIlK"
23006,"PerfCourtroom_hwamfmcstjx",30770,"PerfCourtHouse_wDa3T3VIlK"
23006,"PerfCourtroom_ceneqkkcqrv",31325,"PerfCourtHouse_wDa3T3VIlK"
23006,"PerfCourtroom_rgyxyuvsvcm",31095,"PerfCourtHouse_wDa3T3VIlK"
23006,"PerfCourtroom_zpzkrimqeck",30866,"PerfCourtHouse_wDa3T3VIlK"
23006,"PerfCourtroom_gmvezadni",30501,"PerfCourtHouse_wDa3T3VIlK"
22816,"PerfCourtroom_btdqghsatlx",30339,"PerfCourtHouse_WijZaUckZx"
22816,"PerfCourtroom_epjjngxvqxp",30195,"PerfCourtHouse_WijZaUckZx"
22816,"PerfCourtroom_yroxyvuwyhp",30089,"PerfCourtHouse_WijZaUckZx"
22816,"PerfCourtroom_djibcwpiint",30271,"PerfCourtHouse_WijZaUckZx"
22816,"PerfCourtroom_njkngltiicl",30098,"PerfCourtHouse_WijZaUckZx"
22816,"PerfCourtroom_cuycblbvylk",30251,"PerfCourtHouse_WijZaUckZx"
22816,"PerfCourtroom_uklwmemkcyf",30337,"PerfCourtHouse_WijZaUckZx"
22985,"PerfCourtroom_blnqgvmwdxe",30933,"PerfCourtHouse_wNbfCIPE0H"
22985,"PerfCourtroom_isvyzhskdrs",30547,"PerfCourtHouse_wNbfCIPE0H"
22985,"PerfCourtroom_dzruaunwfls",31026,"PerfCourtHouse_wNbfCIPE0H"
22985,"PerfCourtroom_guxkdoojf",30512,"PerfCourtHouse_wNbfCIPE0H"
22812,"PerfCourtroom_hpskezotezy",30353,"PerfCourtHouse_wThaFU3Eh3"
22812,"PerfCourtroom_rllswrisudy",30349,"PerfCourtHouse_wThaFU3Eh3"
22812,"PerfCourtroom_btcrimwcrsc",30350,"PerfCourtHouse_wThaFU3Eh3"
22812,"PerfCourtroom_ryqcvzialyc",30351,"PerfCourtHouse_wThaFU3Eh3"
22812,"PerfCourtroom_drpfrrhlswb",30352,"PerfCourtHouse_wThaFU3Eh3"
22812,"PerfCourtroom_ykzfqpdqade",30099,"PerfCourtHouse_wThaFU3Eh3"
22812,"PerfCourtroom_rpuwpvjuxw",30354,"PerfCourtHouse_wThaFU3Eh3"
22812,"PerfCourtroom_ltienrxqtox",30355,"PerfCourtHouse_wThaFU3Eh3"
22812,"PerfCourtroom_ygirzrihech",30356,"PerfCourtHouse_wThaFU3Eh3"
22976,"PerfCourtroom_gddtwbldwbr",30536,"PerfCourtHouse_Wzn7ZAPjqf"
22976,"PerfCourtroom_bgcrrmwtlxy",31186,"PerfCourtHouse_Wzn7ZAPjqf"
22976,"PerfCourtroom_clyevxipfui",30597,"PerfCourtHouse_Wzn7ZAPjqf"
22976,"PerfCourtroom_wroejmxwldi",30590,"PerfCourtHouse_Wzn7ZAPjqf"
22976,"PerfCourtroom_hqveeogeswc",30787,"PerfCourtHouse_Wzn7ZAPjqf"
22976,"PerfCourtroom_hcijhpqug",30518,"PerfCourtHouse_Wzn7ZAPjqf"
22976,"PerfCourtroom_crlsngrlbsi",31042,"PerfCourtHouse_Wzn7ZAPjqf"
22976,"PerfCourtroom_qfpgpeqrhxb",31212,"PerfCourtHouse_Wzn7ZAPjqf"
22976,"PerfCourtroom_oyuynbkahgt",31181,"PerfCourtHouse_Wzn7ZAPjqf"
22976,"PerfCourtroom_jeepqonesqe",30771,"PerfCourtHouse_Wzn7ZAPjqf"
23056,"PerfCourtroom_clnkpwzunda",30731,"PerfCourtHouse_XJLUnheDej"
23056,"PerfCourtroom_nokcitrwe",30508,"PerfCourtHouse_XJLUnheDej"
23056,"PerfCourtroom_dtdvreoicjw",31282,"PerfCourtHouse_XJLUnheDej"
23056,"PerfCourtroom_xrjxnrhivhe",30906,"PerfCourtHouse_XJLUnheDej"
23056,"PerfCourtroom_doyrzermcgl",31374,"PerfCourtHouse_XJLUnheDej"
23056,"PerfCourtroom_dkggdocwwik",31016,"PerfCourtHouse_XJLUnheDej"
23056,"PerfCourtroom_ebxqffphumr",31019,"PerfCourtHouse_XJLUnheDej"
23082,"PerfCourtroom_qdeawkifcj",30495,"PerfCourtHouse_xSxgzxRICa"
23082,"PerfCourtroom_tecofttdfgk",31028,"PerfCourtHouse_xSxgzxRICa"
23082,"PerfCourtroom_ylmbitsapzk",30639,"PerfCourtHouse_xSxgzxRICa"
23082,"PerfCourtroom_uiftmjeproc",30842,"PerfCourtHouse_xSxgzxRICa"
23082,"PerfCourtroom_haasxnhcsjn",30647,"PerfCourtHouse_xSxgzxRICa"
23082,"PerfCourtroom_lqwlzyboukp",31094,"PerfCourtHouse_xSxgzxRICa"
23017,"PerfCourtroom_tyljumfyena",30558,"PerfCourtHouse_xtZoGI0aQf"
23017,"PerfCourtroom_ehdyaqmkeyy",30934,"PerfCourtHouse_xtZoGI0aQf"
23017,"PerfCourtroom_iscblwqdhfq",30791,"PerfCourtHouse_xtZoGI0aQf"
22934,"PerfCourtroom_ytfdngbexwa",30950,"PerfCourtHouse_xzgMZwG2cF"
22934,"PerfCourtroom_hxkqdilpgwa",31035,"PerfCourtHouse_xzgMZwG2cF"
22934,"PerfCourtroom_nfcauuuvuwb",30661,"PerfCourtHouse_xzgMZwG2cF"
22934,"PerfCourtroom_wiwjjkwmkho",30664,"PerfCourtHouse_xzgMZwG2cF"
22934,"PerfCourtroom_ubhtyygqqrz",30609,"PerfCourtHouse_xzgMZwG2cF"
22934,"PerfCourtroom_fmagxzhksxl",31216,"PerfCourtHouse_xzgMZwG2cF"
22934,"PerfCourtroom_yciyarbymea",30689,"PerfCourtHouse_xzgMZwG2cF"
23011,"PerfCourtroom_igxpseynrul",31373,"PerfCourtHouse_y405SkEZkq"
23011,"PerfCourtroom_uvyxhpogyap",31061,"PerfCourtHouse_y405SkEZkq"
23011,"PerfCourtroom_ofmiugoxgvx",31151,"PerfCourtHouse_y405SkEZkq"
23011,"PerfCourtroom_hfqseevzhrd",30885,"PerfCourtHouse_y405SkEZkq"
23011,"PerfCourtroom_jxnpzxpaiec",30617,"PerfCourtHouse_y405SkEZkq"
23011,"PerfCourtroom_kfucnrhrjyx",30680,"PerfCourtHouse_y405SkEZkq"
23011,"PerfCourtroom_ionewdvdauq",30679,"PerfCourtHouse_y405SkEZkq"
23011,"PerfCourtroom_kettcmlbnrp",30694,"PerfCourtHouse_y405SkEZkq"
22941,"PerfCourtroom_eyuwzhnwsdk",31150,"PerfCourtHouse_Y5l4WdNUPm"
22941,"PerfCourtroom_hgzmjwxrjv",30522,"PerfCourtHouse_Y5l4WdNUPm"
22941,"PerfCourtroom_fwaayjzqrht",30790,"PerfCourtHouse_Y5l4WdNUPm"
22993,"PerfCourtroom_xanpfygvfdq",31117,"PerfCourtHouse_Y89venWw5c"
22993,"PerfCourtroom_huwgbxzgbpp",30622,"PerfCourtHouse_Y89venWw5c"
22993,"PerfCourtroom_hgnekpqzbiz",31175,"PerfCourtHouse_Y89venWw5c"
22993,"PerfCourtroom_qzunikzbkdj",31310,"PerfCourtHouse_Y89venWw5c"
22951,"PerfCourtroom_sxnlyjqoccw",31259,"PerfCourtHouse_YpfNyUHY3C"
22951,"PerfCourtroom_qusksnyrujm",31039,"PerfCourtHouse_YpfNyUHY3C"
22951,"PerfCourtroom_dadkughxdag",30687,"PerfCourtHouse_YpfNyUHY3C"
22951,"PerfCourtroom_bwvhsobypbq",30760,"PerfCourtHouse_YpfNyUHY3C"
22951,"PerfCourtroom_jwjjatxpiun",31311,"PerfCourtHouse_YpfNyUHY3C"
23042,"PerfCourtroom_odhetijrzyi",30774,"PerfCourtHouse_YTNNkqt4hX"
23042,"PerfCourtroom_bxjikkzrcil",30641,"PerfCourtHouse_YTNNkqt4hX"
23042,"PerfCourtroom_iltkdroqhlo",30809,"PerfCourtHouse_YTNNkqt4hX"
22955,"PerfCourtroom_viuywcefpxq",30630,"PerfCourtHouse_Yu1ZQAJhjl"
22955,"PerfCourtroom_algmvrwtntp",30803,"PerfCourtHouse_Yu1ZQAJhjl"
22955,"PerfCourtroom_fmejutvznek",30618,"PerfCourtHouse_Yu1ZQAJhjl"
22955,"PerfCourtroom_nokqsfhsjmu",30859,"PerfCourtHouse_Yu1ZQAJhjl"
22955,"PerfCourtroom_ybzlmwsladn",30573,"PerfCourtHouse_Yu1ZQAJhjl"
22955,"PerfCourtroom_fqbrjdujglb",30953,"PerfCourtHouse_Yu1ZQAJhjl"
22955,"PerfCourtroom_mnsmqyxtywp",30692,"PerfCourtHouse_Yu1ZQAJhjl"
22997,"PerfCourtroom_uzxbavutojb",31115,"PerfCourtHouse_YxfbwOPICf"
22997,"PerfCourtroom_mmzcescabkc",30836,"PerfCourtHouse_YxfbwOPICf"
22997,"PerfCourtroom_kwlnjksck",30517,"PerfCourtHouse_YxfbwOPICf"
22997,"PerfCourtroom_rxjtpbtslwi",31124,"PerfCourtHouse_YxfbwOPICf"
22997,"PerfCourtroom_ubzsoitknee",31132,"PerfCourtHouse_YxfbwOPICf"
22997,"PerfCourtroom_sxxncjvvcbh",30575,"PerfCourtHouse_YxfbwOPICf"
22997,"PerfCourtroom_vsddnvpltnl",31083,"PerfCourtHouse_YxfbwOPICf"
22997,"PerfCourtroom_qianvtbxukf",30967,"PerfCourtHouse_YxfbwOPICf"
22944,"PerfCourtroom_eqvswgpha",30503,"PerfCourtHouse_ZAL5mSu3cS"
22944,"PerfCourtroom_qxlyepenhvz",30685,"PerfCourtHouse_ZAL5mSu3cS"
22944,"PerfCourtroom_ouvxcrvyaa",30487,"PerfCourtHouse_ZAL5mSu3cS"
22944,"PerfCourtroom_cxlddzcyree",30808,"PerfCourtHouse_ZAL5mSu3cS"
22984,"PerfCourtroom_htjvjupryvs",30815,"PerfCourtHouse_ZbUZAxpid2"
22984,"PerfCourtroom_lkruwgzhxpg",30620,"PerfCourtHouse_ZbUZAxpid2"
23040,"PerfCourtroom_qvxqcdxunls",31409,"PerfCourtHouse_zbVrGP2UZJ"
23040,"PerfCourtroom_jxqiauvcxtk",31415,"PerfCourtHouse_zbVrGP2UZJ"
23040,"PerfCourtroom_tibfzzrcrec",31413,"PerfCourtHouse_zbVrGP2UZJ"
23040,"PerfCourtroom_sobsbojzurc",31414,"PerfCourtHouse_zbVrGP2UZJ"
23040,"PerfCourtroom_xjcnoyjxyly",31412,"PerfCourtHouse_zbVrGP2UZJ"
23040,"PerfCourtroom_qazwnwffmhl",31410,"PerfCourtHouse_zbVrGP2UZJ"
23040,"PerfCourtroom_kumgyshrjds",31416,"PerfCourtHouse_zbVrGP2UZJ"
23040,"PerfCourtroom_nofywgftrvj",31411,"PerfCourtHouse_zbVrGP2UZJ"
22937,"PerfCourtroom_drkbkaixhzc",30626,"PerfCourtHouse_zCz8D9eTGk"
22937,"PerfCourtroom_wphxvxtdvws",30925,"PerfCourtHouse_zCz8D9eTGk"
22937,"PerfCourtroom_phuqhphqghx",31090,"PerfCourtHouse_zCz8D9eTGk"
22937,"PerfCourtroom_zdfpelyetzh",31154,"PerfCourtHouse_zCz8D9eTGk"
22937,"PerfCourtroom_iadgdmsvcll",31277,"PerfCourtHouse_zCz8D9eTGk"
22937,"PerfCourtroom_vmmvezcgmwp",30651,"PerfCourtHouse_zCz8D9eTGk"
23054,"PerfCourtroom_xmclhmjzwmg",31136,"PerfCourtHouse_zILa3TNhFx"
23054,"PerfCourtroom_etnufwlgukq",31037,"PerfCourtHouse_zILa3TNhFx"
23054,"PerfCourtroom_wrudgvixjpc",31217,"PerfCourtHouse_zILa3TNhFx"
23054,"PerfCourtroom_sandulvzqnd",31219,"PerfCourtHouse_zILa3TNhFx"
23054,"PerfCourtroom_syhicaraol",30430,"PerfCourtHouse_zILa3TNhFx"
23054,"PerfCourtroom_sivmkagdlv",30429,"PerfCourtHouse_zILa3TNhFx"
23054,"PerfCourtroom_olnwbdfserl",31326,"PerfCourtHouse_zILa3TNhFx"
22956,"PerfCourtroom_hkeqdgfsbym",30773,"PerfCourtHouse_ZLcfmQdVTc"
22956,"PerfCourtroom_tytdlxhtqdq",30610,"PerfCourtHouse_ZLcfmQdVTc"
22956,"PerfCourtroom_ivoxnqhifqd",31112,"PerfCourtHouse_ZLcfmQdVTc"
22978,"PerfCourtroom_tadaizxbwil",30922,"PerfCourtHouse_ZTnDJMY6oJ"
22978,"PerfCourtroom_pnydwdxjbnt",30531,"PerfCourtHouse_ZTnDJMY6oJ"
22978,"PerfCourtroom_plxnldafjkn",31301,"PerfCourtHouse_ZTnDJMY6oJ"
22978,"PerfCourtroom_ujzgvtaauec",31170,"PerfCourtHouse_ZTnDJMY6oJ"
22978,"PerfCourtroom_sskimkgeqzt",30819,"PerfCourtHouse_ZTnDJMY6oJ"
22978,"PerfCourtroom_cmwrwlzuuhk",31047,"PerfCourtHouse_ZTnDJMY6oJ"
